Date,Children apprehended and placed in CBP custody,Children in CBP custody,Children transferred out of CBP custody,Children in HHS Care,Children discharged from HHS Care,Is Imputed Date,Imputed Value Count,Has Imputed Values,Anomaly_Transfer_Exceeds_CBP,Anomaly_Discharge_Exceeds_HHS,Anomaly_Negative_Count,Anomaly_Any,Data Quality Flag
2023-01-12,33,53,34,6566,436,False,0,False,False,False,False,False,OK
2023-01-13,0,53,0,6622,0,True,5,True,False,False,False,False,Imputed date; Imputed values
2023-01-14,0,52,0,6677,0,True,5,True,False,False,False,False,Imputed date; Imputed values
2023-01-15,0,52,0,6733,0,True,5,True,False,False,False,False,Imputed date; Imputed values
2023-01-16,0,51,0,6788,0,True,5,True,False,False,False,False,Imputed date; Imputed values
2023-01-17,0,51,0,6844,0,True,5,True,False,False,False,False,Imputed date; Imputed values
2023-01-18,0,51,0,6900,0,True,5,True,False,False,False,False,Imputed date; Imputed values
2023-01-19,0,50,0,6955,0,True,5,True,False,False,False,False,Imputed date; Imputed values
2023-01-20,0,50,0,7011,0,True,5,True,False,False,False,False,Imputed date; Imputed values
2023-01-21,0,49,0,7066,0,True,5,True,False,False,False,False,Imputed date; Imputed values
2023-01-22,32,49,39,7122,227,False,0,False,False,False,False,False,OK
2023-01-23,32,50,39,7280,181,False,0,False,False,False,False,False,OK
2023-01-24,47,42,47,7433,175,False,0,False,True,False,False,True,Transfer > CBP custody
2023-01-25,20,22,41,7538,180,False,0,False,True,False,False,True,Transfer > CBP custody
2023-01-26,0,28,0,7522,0,True,5,True,False,False,False,False,Imputed date; Imputed values
2023-01-27,0,34,0,7505,0,True,5,True,False,False,False,False,Imputed date; Imputed values
2023-01-28,0,39,0,7488,0,True,5,True,False,False,False,False,Imputed date; Imputed values
2023-01-29,23,45,11,7472,303,False,0,False,False,False,False,False,OK
2023-01-30,34,54,29,7743,196,False,0,False,False,False,False,False,OK
2023-01-31,26,36,36,7803,158,False,0,False,False,False,False,False,OK
2023-02-01,25,32,27,7903,231,False,0,False,False,False,False,False,OK
2023-02-02,15,13,23,7879,298,False,0,False,True,False,False,True,Transfer > CBP custody
2023-02-03,0,15,0,7781,0,True,5,True,False,False,False,False,Imputed date; Imputed values
2023-02-04,0,16,0,7684,0,True,5,True,False,False,False,False,Imputed date; Imputed values
2023-02-05,16,18,15,7586,342,False,0,False,False,False,False,False,OK
2023-02-06,11,22,12,7720,196,False,0,False,False,False,False,False,OK
2023-02-07,16,20,20,7855,200,False,0,False,False,False,False,False,OK
2023-02-08,93,196,169,7915,317,False,0,False,False,False,False,False,OK
2023-02-09,124,234,161,7908,353,False,0,False,False,False,False,False,OK
2023-02-10,0,224,0,7750,0,True,5,True,False,False,False,False,Imputed date; Imputed values
2023-02-11,0,213,0,7592,0,True,5,True,False,False,False,False,Imputed date; Imputed values
2023-02-12,92,203,173,7434,317,False,0,False,False,False,False,False,OK
2023-02-13,186,259,172,7483,244,False,0,False,False,False,False,False,OK
2023-02-14,154,225,220,7794,223,False,0,False,False,False,False,False,OK
2023-02-15,91,199,172,7869,290,False,0,False,False,False,False,False,OK
2023-02-16,81,213,153,7793,361,False,0,False,False,False,False,False,OK
2023-02-17,0,231,0,7799,0,True,5,True,False,False,False,False,Imputed date; Imputed values
2023-02-18,0,249,0,7805,0,True,5,True,False,False,False,False,Imputed date; Imputed values
2023-02-19,0,267,0,7811,0,True,5,True,False,False,False,False,Imputed date; Imputed values
2023-02-20,209,285,184,7817,209,False,0,False,False,False,False,False,OK
2023-02-21,184,314,217,7967,213,False,0,False,False,False,False,False,OK
2023-02-22,107,215,230,7978,232,False,0,False,True,False,False,True,Transfer > CBP custody
2023-02-23,101,162,178,7914,386,False,0,False,True,False,False,True,Transfer > CBP custody
2023-02-24,0,171,0,7812,0,True,5,True,False,False,False,False,Imputed date; Imputed values
2023-02-25,0,181,0,7711,0,True,5,True,False,False,False,False,Imputed date; Imputed values
2023-02-26,99,190,176,7609,323,False,0,False,False,False,False,False,OK
2023-02-27,167,239,166,7800,248,False,0,False,False,False,False,False,OK
2023-02-28,115,216,169,7896,200,False,0,False,False,False,False,False,OK
2023-03-01,84,158,193,7930,307,False,0,False,True,False,False,True,Transfer > CBP custody
2023-03-02,130,227,192,7870,335,False,0,False,False,False,False,False,OK
2023-03-03,0,224,0,7868,0,True,5,True,False,False,False,False,Imputed date; Imputed values
2023-03-04,0,222,0,7866,0,True,5,True,False,False,False,False,Imputed date; Imputed values
2023-03-05,0,219,0,7863,0,True,5,True,False,False,False,False,Imputed date; Imputed values
2023-03-06,0,217,0,7861,0,True,5,True,False,False,False,False,Imputed date; Imputed values
2023-03-07,88,214,160,7859,259,False,0,False,False,False,False,False,OK
2023-03-08,113,208,159,7885,291,False,0,False,False,False,False,False,OK
2023-03-09,174,285,150,7786,340,False,0,False,False,False,False,False,OK
2023-03-10,0,271,0,7731,0,True,5,True,False,False,False,False,Imputed date; Imputed values
2023-03-11,0,258,0,7676,0,True,5,True,False,False,False,False,Imputed date; Imputed values
2023-03-12,0,244,0,7622,0,True,5,True,False,False,False,False,Imputed date; Imputed values
2023-03-13,104,230,206,7567,249,False,0,False,False,False,False,False,OK
2023-03-14,147,276,214,7810,181,False,0,False,False,False,False,False,OK
2023-03-15,108,220,213,7915,286,False,0,False,False,False,False,False,OK
2023-03-16,180,280,146,7989,308,False,0,False,False,False,False,False,OK
2023-03-17,0,285,0,7954,0,True,5,True,False,False,False,False,Imputed date; Imputed values
2023-03-18,0,289,0,7920,0,True,5,True,False,False,False,False,Imputed date; Imputed values
2023-03-19,134,294,186,7885,306,False,0,False,False,False,False,False,OK
2023-03-20,202,313,158,7931,279,False,0,False,False,False,False,False,OK
2023-03-21,110,272,193,8050,221,False,0,False,False,False,False,False,OK
2023-03-22,166,277,229,8097,246,False,0,False,False,False,False,False,OK
2023-03-23,136,276,178,8102,331,False,0,False,False,False,False,False,OK
2023-03-24,0,266,0,8017,0,True,5,True,False,False,False,False,Imputed date; Imputed values
2023-03-25,0,256,0,7932,0,True,5,True,False,False,False,False,Imputed date; Imputed values
2023-03-26,87,246,173,7847,352,False,0,False,False,False,False,False,OK
2023-03-27,84,171,157,7994,235,False,0,False,False,False,False,False,OK
2023-03-28,167,209,157,8079,223,False,0,False,False,False,False,False,OK
2023-03-29,109,245,159,8208,267,False,0,False,False,False,False,False,OK
2023-03-30,156,256,176,8158,359,False,0,False,False,False,False,False,OK
2023-03-31,0,248,0,8099,0,True,5,True,False,False,False,False,Imputed date; Imputed values
2023-04-01,0,240,0,8040,0,True,5,True,False,False,False,False,Imputed date; Imputed values
2023-04-02,125,232,192,7981,304,False,0,False,False,False,False,False,OK
2023-04-03,118,139,168,8054,284,False,0,False,True,False,False,True,Transfer > CBP custody
2023-04-04,142,235,139,8068,259,False,0,False,False,False,False,False,OK
2023-04-05,148,245,175,8175,260,False,0,False,False,False,False,False,OK
2023-04-06,119,219,210,8178,284,False,0,False,False,False,False,False,OK
2023-04-07,0,216,0,8085,0,True,5,True,False,False,False,False,Imputed date; Imputed values
2023-04-08,0,213,0,7993,0,True,5,True,False,False,False,False,Imputed date; Imputed values
2023-04-09,105,210,149,7900,329,False,0,False,False,False,False,False,OK
2023-04-10,143,203,163,7826,265,False,0,False,False,False,False,False,OK
2023-04-11,119,209,152,7922,187,False,0,False,False,False,False,False,OK
2023-04-12,155,212,181,7876,283,False,0,False,False,False,False,False,OK
2023-04-13,109,214,173,7795,370,False,0,False,False,False,False,False,OK
2023-04-14,0,237,0,7657,0,True,5,True,False,False,False,False,Imputed date; Imputed values
2023-04-15,0,260,0,7518,0,True,5,True,False,False,False,False,Imputed date; Imputed values
2023-04-16,191,283,192,7380,272,False,0,False,False,False,False,False,OK
2023-04-17,170,297,196,7344,248,False,0,False,False,False,False,False,OK
2023-04-18,152,272,214,7376,234,False,0,False,False,False,False,False,OK
2023-04-19,239,367,224,7356,229,False,0,False,False,False,False,False,OK
2023-04-20,113,280,237,7490,320,False,0,False,False,False,False,False,OK
2023-04-21,0,289,0,7505,0,True,5,True,False,False,False,False,Imputed date; Imputed values
2023-04-22,0,297,0,7519,0,True,5,True,False,False,False,False,Imputed date; Imputed values
2023-04-23,196,306,187,7534,266,False,0,False,False,False,False,False,OK
2023-04-24,236,330,222,7796,213,False,0,False,False,False,False,False,OK
2023-04-25,81,230,242,8017,202,False,0,False,True,False,False,True,Transfer > CBP custody
2023-04-26,118,245,160,8117,256,False,0,False,False,False,False,False,OK
2023-04-27,218,283,208,8159,310,False,0,False,False,False,False,False,OK
2023-04-28,0,270,0,8223,0,True,5,True,False,False,False,False,Imputed date; Imputed values
2023-04-29,0,256,0,8288,0,True,5,True,False,False,False,False,Imputed date; Imputed values
2023-04-30,132,243,183,8352,293,False,0,False,False,False,False,False,OK
2023-05-01,224,315,152,8492,237,False,0,False,False,False,False,False,OK
2023-05-02,167,326,213,8654,245,False,0,False,False,False,False,False,OK
2023-05-03,209,353,232,8704,267,False,0,False,False,False,False,False,OK
2023-05-04,153,253,286,8790,332,False,0,False,True,False,False,True,Transfer > CBP custody
2023-05-05,0,281,0,8688,0,True,5,True,False,False,False,False,Imputed date; Imputed values
2023-05-06,0,309,0,8587,0,True,5,True,False,False,False,False,Imputed date; Imputed values
2023-05-07,180,337,219,8485,375,False,0,False,False,False,False,False,OK
2023-05-08,133,287,189,8590,261,False,0,False,False,False,False,False,OK
2023-05-09,187,310,247,8606,250,False,0,False,False,False,False,False,OK
2023-05-10,168,285,210,8681,304,False,0,False,False,False,False,False,OK
2023-05-11,269,412,204,8672,392,False,0,False,False,False,False,False,OK
2023-05-12,0,360,0,8596,0,True,5,True,False,False,False,False,Imputed date; Imputed values
2023-05-13,0,307,0,8521,0,True,5,True,False,False,False,False,Imputed date; Imputed values
2023-05-14,100,255,236,8445,288,False,0,False,False,False,False,False,OK
2023-05-15,205,294,177,8571,277,False,0,False,False,False,False,False,OK
2023-05-16,161,304,211,8572,272,False,0,False,False,False,False,False,OK
2023-05-17,57,162,193,8569,307,False,0,False,True,False,False,True,Transfer > CBP custody
2023-05-18,80,122,152,8474,351,False,0,False,True,False,False,True,Transfer > CBP custody
2023-05-19,0,138,0,8258,0,True,5,True,False,False,False,False,Imputed date; Imputed values
2023-05-20,0,154,0,8042,0,True,5,True,False,False,False,False,Imputed date; Imputed values
2023-05-21,107,170,133,7826,343,False,0,False,False,False,False,False,OK
2023-05-22,99,156,139,7848,240,False,0,False,False,False,False,False,OK
2023-05-23,25,66,94,7788,246,False,0,False,True,False,False,True,Transfer > CBP custody
2023-05-24,35,70,53,7709,276,False,0,False,False,False,False,False,OK
2023-05-25,43,73,64,7546,408,False,0,False,False,False,False,False,OK
2023-05-26,0,70,0,7408,0,True,5,True,False,False,False,False,Imputed date; Imputed values
2023-05-27,0,66,0,7271,0,True,5,True,False,False,False,False,Imputed date; Imputed values
2023-05-28,0,63,0,7134,0,True,5,True,False,False,False,False,Imputed date; Imputed values
2023-05-29,41,60,71,6996,207,False,0,False,True,False,False,True,Transfer > CBP custody
2023-05-30,65,83,65,7046,168,False,0,False,False,False,False,False,OK
2023-05-31,38,80,82,7053,210,False,0,False,True,False,False,True,Transfer > CBP custody
2023-06-01,56,82,68,7002,287,False,0,False,False,False,False,False,OK
2023-06-02,0,89,0,6853,0,True,5,True,False,False,False,False,Imputed date; Imputed values
2023-06-03,0,96,0,6704,0,True,5,True,False,False,False,False,Imputed date; Imputed values
2023-06-04,74,103,80,6555,292,False,0,False,False,False,False,False,OK
2023-06-05,68,107,102,6523,189,False,0,False,False,False,False,False,OK
2023-06-06,92,124,93,6508,187,False,0,False,False,False,False,False,OK
2023-06-07,113,162,107,6483,208,False,0,False,False,False,False,False,OK
2023-06-08,106,196,131,6446,255,False,0,False,False,False,False,False,OK
2023-06-09,0,181,0,6300,0,True,5,True,False,False,False,False,Imputed date; Imputed values
2023-06-10,0,167,0,6153,0,True,5,True,False,False,False,False,Imputed date; Imputed values
2023-06-11,86,152,168,6007,238,False,0,False,True,False,False,True,Transfer > CBP custody
2023-06-12,84,118,136,6021,177,False,0,False,True,False,False,True,Transfer > CBP custody
2023-06-13,59,64,117,6061,146,False,0,False,True,False,False,True,Transfer > CBP custody
2023-06-14,62,97,52,6065,167,False,0,False,False,False,False,False,OK
2023-06-15,91,75,97,6038,272,False,0,False,True,False,False,True,Transfer > CBP custody
2023-06-16,0,69,0,5948,0,True,5,True,False,False,False,False,Imputed date; Imputed values
2023-06-17,0,63,0,5858,0,True,5,True,False,False,False,False,Imputed date; Imputed values
2023-06-18,0,57,0,5769,0,True,5,True,False,False,False,False,Imputed date; Imputed values
2023-06-19,29,51,11,5679,142,False,0,False,False,False,False,False,OK
2023-06-20,33,53,34,5904,134,False,0,False,False,False,False,False,OK
2023-06-21,93,196,169,5922,149,False,0,False,False,False,False,False,OK
2023-06-22,124,234,161,5956,207,False,0,False,False,False,False,False,OK
2023-06-23,0,224,0,5893,0,True,5,True,False,False,False,False,Imputed date; Imputed values
2023-06-24,0,213,0,5829,0,True,5,True,False,False,False,False,Imputed date; Imputed values
2023-06-25,92,203,173,5766,263,False,0,False,False,False,False,False,OK
2023-06-26,186,259,172,5819,174,False,0,False,False,False,False,False,OK
2023-06-27,154,225,220,5917,155,False,0,False,False,False,False,False,OK
2023-06-28,91,199,172,5999,174,False,0,False,False,False,False,False,OK
2023-06-29,81,213,153,6058,213,False,0,False,False,False,False,False,OK
2023-06-30,0,237,0,6006,0,True,5,True,False,False,False,False,Imputed date; Imputed values
2023-07-01,0,261,0,5955,0,True,5,True,False,False,False,False,Imputed date; Imputed values
2023-07-02,209,285,184,5903,309,False,0,False,False,False,False,False,OK
2023-07-03,0,300,0,6015,0,True,5,True,False,False,False,False,Imputed date; Imputed values
2023-07-04,184,314,217,6127,124,False,0,False,False,False,False,False,OK
2023-07-05,107,215,230,6193,167,False,0,False,True,False,False,True,Transfer > CBP custody
2023-07-06,101,162,178,6239,205,False,0,False,True,False,False,True,Transfer > CBP custody
2023-07-07,0,171,0,6231,0,True,5,True,False,False,False,False,Imputed date; Imputed values
2023-07-08,0,181,0,6222,0,True,5,True,False,False,False,False,Imputed date; Imputed values
2023-07-09,99,190,176,6214,196,False,0,False,False,False,False,False,OK
2023-07-10,167,239,166,6346,163,False,0,False,False,False,False,False,OK
2023-07-11,115,216,169,6498,143,False,0,False,False,False,False,False,OK
2023-07-12,84,158,193,6521,210,False,0,False,True,False,False,True,Transfer > CBP custody
2023-07-13,130,227,192,6604,226,False,0,False,False,False,False,False,OK
2023-07-14,0,223,0,6559,0,True,5,True,False,False,False,False,Imputed date; Imputed values
2023-07-15,0,218,0,6513,0,True,5,True,False,False,False,False,Imputed date; Imputed values
2023-07-16,88,214,160,6468,218,False,0,False,False,False,False,False,OK
2023-07-17,113,208,159,6632,160,False,0,False,False,False,False,False,OK
2023-07-18,174,285,150,6874,181,False,0,False,False,False,False,False,OK
2023-07-19,104,230,206,7001,226,False,0,False,False,False,False,False,OK
2023-07-20,147,276,214,7116,281,False,0,False,False,False,False,False,OK
2023-07-21,0,257,0,7095,0,True,5,True,False,False,False,False,Imputed date; Imputed values
2023-07-22,0,239,0,7073,0,True,5,True,False,False,False,False,Imputed date; Imputed values
2023-07-23,108,220,213,7052,276,False,0,False,False,False,False,False,OK
2023-07-24,180,280,146,7220,187,False,0,False,False,False,False,False,OK
2023-07-25,134,294,186,7510,136,False,0,False,False,False,False,False,OK
2023-07-26,202,313,158,7647,215,False,0,False,False,False,False,False,OK
2023-07-27,110,272,193,7754,259,False,0,False,False,False,False,False,OK
2023-07-28,0,274,0,7726,0,True,5,True,False,False,False,False,Imputed date; Imputed values
2023-07-29,0,275,0,7699,0,True,5,True,False,False,False,False,Imputed date; Imputed values
2023-07-30,166,277,229,7671,305,False,0,False,False,False,False,False,OK
2023-07-31,136,276,178,7800,220,False,0,False,False,False,False,False,OK
2023-08-01,87,246,173,8103,168,False,0,False,False,False,False,False,OK
2023-08-02,84,171,157,8261,271,False,0,False,False,False,False,False,OK
2023-08-03,167,209,157,8294,339,False,0,False,False,False,False,False,OK
2023-08-04,0,221,0,8295,0,True,5,True,False,False,False,False,Imputed date; Imputed values
2023-08-05,0,233,0,8297,0,True,5,True,False,False,False,False,Imputed date; Imputed values
2023-08-06,109,245,159,8298,322,False,0,False,False,False,False,False,OK
2023-08-07,156,256,176,8493,202,False,0,False,False,False,False,False,OK
2023-08-08,125,232,192,8725,207,False,0,False,False,False,False,False,OK
2023-08-09,118,139,168,8888,251,False,0,False,True,False,False,True,Transfer > CBP custody
2023-08-10,142,235,139,8914,353,False,0,False,False,False,False,False,OK
2023-08-11,0,237,0,9034,0,True,5,True,False,False,False,False,Imputed date; Imputed values
2023-08-12,0,238,0,9154,0,True,5,True,False,False,False,False,Imputed date; Imputed values
2023-08-13,0,240,0,9274,0,True,5,True,False,False,False,False,Imputed date; Imputed values
2023-08-14,0,242,0,9394,0,True,5,True,False,False,False,False,Imputed date; Imputed values
2023-08-15,0,243,0,9514,0,True,5,True,False,False,False,False,Imputed date; Imputed values
2023-08-16,148,245,175,9634,288,False,0,False,False,False,False,False,OK
2023-08-17,119,219,210,9694,407,False,0,False,False,False,False,False,OK
2023-08-18,0,216,0,9624,0,True,5,True,False,False,False,False,Imputed date; Imputed values
2023-08-19,0,213,0,9553,0,True,5,True,False,False,False,False,Imputed date; Imputed values
2023-08-20,105,210,149,9483,390,False,0,False,False,False,False,False,OK
2023-08-21,143,203,163,9668,281,False,0,False,False,False,False,False,OK
2023-08-22,119,209,152,9921,230,False,0,False,False,False,False,False,OK
2023-08-23,155,212,181,10071,285,False,0,False,False,False,False,False,OK
2023-08-24,109,214,173,10026,443,False,0,False,False,False,False,False,OK
2023-08-25,0,237,0,9975,0,True,5,True,False,False,False,False,Imputed date; Imputed values
2023-08-26,0,260,0,9924,0,True,5,True,False,False,False,False,Imputed date; Imputed values
2023-08-27,191,283,192,9873,488,False,0,False,False,False,False,False,OK
2023-08-28,170,297,196,10012,388,False,0,False,False,False,False,False,OK
2023-08-29,152,272,214,10180,286,False,0,False,False,False,False,False,OK
2023-08-30,239,367,224,10280,366,False,0,False,False,False,False,False,OK
2023-08-31,113,280,237,10140,505,False,0,False,False,False,False,False,OK
2023-09-01,0,286,0,10102,0,True,5,True,False,False,False,False,Imputed date; Imputed values
2023-09-02,0,293,0,10064,0,True,5,True,False,False,False,False,Imputed date; Imputed values
2023-09-03,0,300,0,10026,0,True,5,True,False,False,False,False,Imputed date; Imputed values
2023-09-04,196,306,187,9988,293,False,0,False,False,False,False,False,OK
2023-09-05,236,330,222,10142,243,False,0,False,False,False,False,False,OK
2023-09-06,81,230,242,10356,291,False,0,False,True,False,False,True,Transfer > CBP custody
2023-09-07,118,245,160,10419,398,False,0,False,False,False,False,False,OK
2023-09-08,0,258,0,10373,0,True,5,True,False,False,False,False,Imputed date; Imputed values
2023-09-09,0,270,0,10328,0,True,5,True,False,False,False,False,Imputed date; Imputed values
2023-09-10,218,283,208,10282,382,False,0,False,False,False,False,False,OK
2023-09-11,132,243,183,10492,277,False,0,False,False,False,False,False,OK
2023-09-12,224,315,152,10649,316,False,0,False,False,False,False,False,OK
2023-09-13,167,326,213,10678,343,False,0,False,False,False,False,False,OK
2023-09-14,209,353,232,10837,414,False,0,False,False,False,False,False,OK
2023-09-15,0,320,0,10824,0,True,5,True,False,False,False,False,Imputed date; Imputed values
2023-09-16,0,286,0,10812,0,True,5,True,False,False,False,False,Imputed date; Imputed values
2023-09-17,153,253,286,10799,427,False,0,False,True,False,False,True,Transfer > CBP custody
2023-09-18,180,337,219,10892,313,False,0,False,False,False,False,False,OK
2023-09-19,133,287,189,11095,260,False,0,False,False,False,False,False,OK
2023-09-20,187,310,247,11064,364,False,0,False,False,False,False,False,OK
2023-09-21,168,285,210,11067,428,False,0,False,False,False,False,False,OK
2023-09-22,0,327,0,10959,0,True,5,True,False,False,False,False,Imputed date; Imputed values
2023-09-23,0,370,0,10852,0,True,5,True,False,False,False,False,Imputed date; Imputed values
2023-09-24,269,412,204,10744,403,False,0,False,False,False,False,False,OK
2023-09-25,100,255,236,10842,284,False,0,False,False,False,False,False,OK
2023-09-26,205,294,177,10978,332,False,0,False,False,False,False,False,OK
2023-09-27,161,304,211,11017,331,False,0,False,False,False,False,False,OK
2023-09-28,57,162,193,10984,447,False,0,False,True,False,False,True,Transfer > CBP custody
2023-09-29,0,149,0,10855,0,True,5,True,False,False,False,False,Imputed date; Imputed values
2023-09-30,0,135,0,10727,0,True,5,True,False,False,False,False,Imputed date; Imputed values
2023-10-01,80,122,152,10598,493,False,0,False,True,False,False,True,Transfer > CBP custody
2023-10-02,107,170,133,10724,284,False,0,False,False,False,False,False,OK
2023-10-03,99,156,139,10818,287,False,0,False,False,False,False,False,OK
2023-10-04,25,66,94,10963,330,False,0,False,True,False,False,True,Transfer > CBP custody
2023-10-05,35,70,53,11130,427,False,0,False,False,False,False,False,OK
2023-10-06,0,71,0,11051,0,True,5,True,False,False,False,False,Imputed date; Imputed values
2023-10-07,0,72,0,10972,0,True,5,True,False,False,False,False,Imputed date; Imputed values
2023-10-08,0,72,0,10894,0,True,5,True,False,False,False,False,Imputed date; Imputed values
2023-10-09,43,73,64,10815,282,False,0,False,False,False,False,False,OK
2023-10-10,41,60,71,10910,257,False,0,False,True,False,False,True,Transfer > CBP custody
2023-10-11,65,83,65,10960,266,False,0,False,False,False,False,False,OK
2023-10-12,38,80,82,10992,398,False,0,False,True,False,False,True,Transfer > CBP custody
2023-10-13,0,81,0,10852,0,True,5,True,False,False,False,False,Imputed date; Imputed values
2023-10-14,0,81,0,10711,0,True,5,True,False,False,False,False,Imputed date; Imputed values
2023-10-15,56,82,68,10571,434,False,0,False,False,False,False,False,OK
2023-10-16,74,103,80,10629,331,False,0,False,False,False,False,False,OK
2023-10-17,68,107,102,10630,315,False,0,False,False,False,False,False,OK
2023-10-18,92,124,93,10511,393,False,0,False,False,False,False,False,OK
2023-10-19,113,162,107,10319,406,False,0,False,False,False,False,False,OK
2023-10-20,0,173,0,10048,0,True,5,True,False,False,False,False,Imputed date; Imputed values
2023-10-21,0,185,0,9777,0,True,5,True,False,False,False,False,Imputed date; Imputed values
2023-10-22,106,196,131,9506,454,False,0,False,False,False,False,False,OK
2023-10-23,86,152,168,9436,327,False,0,False,True,False,False,True,Transfer > CBP custody
2023-10-24,84,118,136,9396,300,False,0,False,True,False,False,True,Transfer > CBP custody
2023-10-25,59,64,117,9351,293,False,0,False,True,False,False,True,Transfer > CBP custody
2023-10-26,62,97,52,9235,390,False,0,False,False,False,False,False,OK
2023-10-27,0,90,0,9132,0,True,5,True,False,False,False,False,Imputed date; Imputed values
2023-10-28,0,82,0,9028,0,True,5,True,False,False,False,False,Imputed date; Imputed values
2023-10-29,91,75,97,8925,418,False,0,False,True,False,False,True,Transfer > CBP custody
2023-10-30,29,51,11,9026,278,False,0,False,False,False,False,False,OK
2023-10-31,33,53,34,9072,295,False,0,False,False,False,False,False,OK
2023-11-01,132,235,197,9250,279,False,0,False,False,False,False,False,OK
2023-11-02,174,208,256,9442,330,False,0,False,True,False,False,True,Transfer > CBP custody
2023-11-03,0,215,0,9386,0,True,5,True,False,False,False,False,Imputed date; Imputed values
2023-11-04,0,223,0,9329,0,True,5,True,False,False,False,False,Imputed date; Imputed values
2023-11-05,123,230,167,9273,370,False,0,False,False,False,False,False,OK
2023-11-06,123,233,159,9286,316,False,0,False,False,False,False,False,OK
2023-11-07,141,232,188,9483,231,False,0,False,False,False,False,False,OK
2023-11-08,158,226,191,9634,310,False,0,False,False,False,False,False,OK
2023-11-09,0,210,0,9595,0,True,5,True,False,False,False,False,Imputed date; Imputed values
2023-11-10,0,193,0,9556,0,True,5,True,False,False,False,False,Imputed date; Imputed values
2023-11-11,0,176,0,9516,0,True,5,True,False,False,False,False,Imputed date; Imputed values
2023-11-12,96,160,233,9477,313,False,0,False,True,False,False,True,Transfer > CBP custody
2023-11-13,141,173,129,9510,287,False,0,False,False,False,False,False,OK
2023-11-14,116,181,182,9665,247,False,0,False,True,False,False,True,Transfer > CBP custody
2023-11-15,150,157,201,9762,316,False,0,False,True,False,False,True,Transfer > CBP custody
2023-11-16,80,176,125,9762,374,False,0,False,False,False,False,False,OK
2023-11-17,0,180,0,9699,0,True,5,True,False,False,False,False,Imputed date; Imputed values
2023-11-18,0,184,0,9636,0,True,5,True,False,False,False,False,Imputed date; Imputed values
2023-11-19,116,188,164,9573,435,False,0,False,False,False,False,False,OK
2023-11-20,105,185,158,9638,298,False,0,False,False,False,False,False,OK
2023-11-21,136,246,123,9804,250,False,0,False,False,False,False,False,OK
2023-11-22,0,237,0,9821,0,True,5,True,False,False,False,False,Imputed date; Imputed values
2023-11-23,128,228,177,9838,283,False,0,False,False,False,False,False,OK
2023-11-24,0,217,0,9840,0,True,5,True,False,False,False,False,Imputed date; Imputed values
2023-11-25,0,207,0,9843,0,True,5,True,False,False,False,False,Imputed date; Imputed values
2023-11-26,90,196,205,9845,312,False,0,False,True,False,False,True,Transfer > CBP custody
2023-11-27,56,82,68,10123,214,False,0,False,False,False,False,False,OK
2023-11-28,74,103,80,10223,223,False,0,False,False,False,False,False,OK
2023-11-29,68,107,102,10398,284,False,0,False,False,False,False,False,OK
2023-11-30,92,124,93,10536,320,False,0,False,False,False,False,False,OK
2023-12-01,0,161,0,10550,0,True,5,True,False,False,False,False,Imputed date; Imputed values
2023-12-02,0,198,0,10565,0,True,5,True,False,False,False,False,Imputed date; Imputed values
2023-12-03,132,235,197,10579,417,False,0,False,False,False,False,False,OK
2023-12-04,174,208,256,10635,273,False,0,False,True,False,False,True,Transfer > CBP custody
2023-12-05,123,230,167,10761,261,False,0,False,False,False,False,False,OK
2023-12-06,123,233,159,10832,376,False,0,False,False,False,False,False,OK
2023-12-07,141,232,188,10897,466,False,0,False,False,False,False,False,OK
2023-12-08,0,230,0,10888,0,True,5,True,False,False,False,False,Imputed date; Imputed values
2023-12-09,0,228,0,10880,0,True,5,True,False,False,False,False,Imputed date; Imputed values
2023-12-10,158,226,191,10871,411,False,0,False,False,False,False,False,OK
2023-12-11,96,160,233,10998,304,False,0,False,True,False,False,True,Transfer > CBP custody
2023-12-12,141,173,129,11077,259,False,0,False,False,False,False,False,OK
2023-12-13,116,181,182,11192,335,False,0,False,True,False,False,True,Transfer > CBP custody
2023-12-14,150,157,201,11242,396,False,0,False,True,False,False,True,Transfer > CBP custody
2023-12-15,0,163,0,11192,0,True,5,True,False,False,False,False,Imputed date; Imputed values
2023-12-16,0,170,0,11142,0,True,5,True,False,False,False,False,Imputed date; Imputed values
2023-12-17,80,176,125,11092,456,False,0,False,False,False,False,False,OK
2023-12-18,116,188,164,11149,364,False,0,False,False,False,False,False,OK
2023-12-19,105,185,158,11291,272,False,0,False,False,False,False,False,OK
2023-12-20,136,246,123,11516,390,False,0,False,False,False,False,False,OK
2023-12-21,128,228,177,11375,497,False,0,False,False,False,False,False,OK
2023-12-22,0,220,0,11317,0,True,5,True,False,False,False,False,Imputed date; Imputed values
2023-12-23,0,212,0,11260,0,True,5,True,False,False,False,False,Imputed date; Imputed values
2023-12-24,0,204,0,11202,0,True,5,True,False,False,False,False,Imputed date; Imputed values
2023-12-25,90,196,205,11144,347,False,0,False,True,False,False,True,Transfer > CBP custody
2023-12-26,56,82,68,11217,288,False,0,False,False,False,False,False,OK
2023-12-27,74,103,80,11206,335,False,0,False,False,False,False,False,OK
2023-12-28,68,107,102,11230,357,False,0,False,False,False,False,False,OK
2023-12-29,0,111,0,11140,0,True,5,True,False,False,False,False,Imputed date; Imputed values
2023-12-30,0,116,0,11050,0,True,5,True,False,False,False,False,Imputed date; Imputed values
2023-12-31,0,120,0,10960,0,True,5,True,False,False,False,False,Imputed date; Imputed values
2024-01-01,92,124,93,10870,290,False,0,False,False,False,False,False,OK
2024-01-02,113,162,107,10770,316,False,0,False,False,False,False,False,OK
2024-01-03,106,196,131,10718,263,False,0,False,False,False,False,False,OK
2024-01-04,86,152,168,10558,362,False,0,False,True,False,False,True,Transfer > CBP custody
2024-01-05,0,141,0,10262,0,True,5,True,False,False,False,False,Imputed date; Imputed values
2024-01-06,0,129,0,9966,0,True,5,True,False,False,False,False,Imputed date; Imputed values
2024-01-07,84,118,136,9670,367,False,0,False,True,False,False,True,Transfer > CBP custody
2024-01-08,59,64,117,9670,367,False,0,False,True,False,False,True,Transfer > CBP custody
2024-01-09,62,97,52,9311,286,False,0,False,False,False,False,False,OK
2024-01-10,91,75,97,9144,349,False,0,False,True,False,False,True,Transfer > CBP custody
2024-01-11,29,51,11,8829,476,False,0,False,False,False,False,False,OK
2024-01-12,0,52,0,8630,0,True,5,True,False,False,False,False,Imputed date; Imputed values
2024-01-13,0,52,0,8431,0,True,5,True,False,False,False,False,Imputed date; Imputed values
2024-01-14,0,52,0,8232,0,True,5,True,False,False,False,False,Imputed date; Imputed values
2024-01-15,33,53,34,8033,234,False,0,False,False,False,False,False,OK
2024-01-16,32,49,39,8133,188,False,0,False,False,False,False,False,OK
2024-01-17,80,176,125,8072,353,False,0,False,False,False,False,False,OK
2024-01-18,116,188,164,8042,359,False,0,False,False,False,False,False,OK
2024-01-19,0,187,0,8019,0,True,5,True,False,False,False,False,Imputed date; Imputed values
2024-01-20,0,186,0,7997,0,True,5,True,False,False,False,False,Imputed date; Imputed values
2024-01-21,105,185,158,7974,371,False,0,False,False,False,False,False,OK
2024-01-22,136,246,123,8008,222,False,0,False,False,False,False,False,OK
2024-01-23,128,228,177,8133,202,False,0,False,False,False,False,False,OK
2024-01-24,90,196,205,8212,243,False,0,False,True,False,False,True,Transfer > CBP custody
2024-01-25,102,189,155,8180,293,False,0,False,False,False,False,False,OK
2024-01-26,0,212,0,8121,0,True,5,True,False,False,False,False,Imputed date; Imputed values
2024-01-27,0,234,0,8063,0,True,5,True,False,False,False,False,Imputed date; Imputed values
2024-01-28,120,257,126,8004,307,False,0,False,False,False,False,False,OK
2024-01-29,137,272,166,8057,195,False,0,False,False,False,False,False,OK
2024-01-30,93,198,208,8182,187,False,0,False,True,False,False,True,Transfer > CBP custody
2024-01-31,203,477,258,8153,266,False,0,False,False,False,False,False,OK
2024-02-01,222,459,289,8026,337,False,0,False,False,False,False,False,OK
2024-02-02,0,483,0,7955,0,True,5,True,False,False,False,False,Imputed date; Imputed values
2024-02-03,0,507,0,7884,0,True,5,True,False,False,False,False,Imputed date; Imputed values
2024-02-04,253,531,248,7813,342,False,0,False,False,False,False,False,OK
2024-02-05,157,466,345,7872,242,False,0,False,False,False,False,False,OK
2024-02-06,291,455,323,8045,178,False,0,False,False,False,False,False,OK
2024-02-07,227,453,330,8160,222,False,0,False,False,False,False,False,OK
2024-02-08,298,499,358,8188,315,False,0,False,False,False,False,False,OK
2024-02-09,0,504,0,8144,0,True,5,True,False,False,False,False,Imputed date; Imputed values
2024-02-10,0,510,0,8100,0,True,5,True,False,False,False,False,Imputed date; Imputed values
2024-02-11,205,515,226,8056,347,False,0,False,False,False,False,False,OK
2024-02-12,213,430,440,8092,234,False,0,False,True,False,False,True,Transfer > CBP custody
2024-02-13,227,369,349,8348,160,False,0,False,False,False,False,False,OK
2024-02-14,185,322,272,8512,230,False,0,False,False,False,False,False,OK
2024-02-15,333,508,272,8463,312,False,0,False,False,False,False,False,OK
2024-02-16,0,486,0,8442,0,True,5,True,False,False,False,False,Imputed date; Imputed values
2024-02-17,0,464,0,8422,0,True,5,True,False,False,False,False,Imputed date; Imputed values
2024-02-18,0,442,0,8401,0,True,5,True,False,False,False,False,Imputed date; Imputed values
2024-02-19,249,420,371,8380,218,False,0,False,False,False,False,False,OK
2024-02-20,149,395,273,8488,192,False,0,False,False,False,False,False,OK
2024-02-21,232,430,318,8573,231,False,0,False,False,False,False,False,OK
2024-02-22,165,400,292,8607,293,False,0,False,False,False,False,False,OK
2024-02-23,0,427,0,8539,0,True,5,True,False,False,False,False,Imputed date; Imputed values
2024-02-24,0,455,0,8472,0,True,5,True,False,False,False,False,Imputed date; Imputed values
2024-02-25,244,482,366,8404,329,False,0,False,False,False,False,False,OK
2024-02-26,199,438,326,8404,329,False,0,False,False,False,False,False,OK
2024-02-27,197,369,306,8650,206,False,0,False,False,False,False,False,OK
2024-02-28,209,447,274,8699,257,False,0,False,False,False,False,False,OK
2024-02-29,262,444,354,8724,299,False,0,False,False,False,False,False,OK
2024-03-01,0,452,0,8681,0,True,5,True,False,False,False,False,Imputed date; Imputed values
2024-03-02,0,460,0,8637,0,True,5,True,False,False,False,False,Imputed date; Imputed values
2024-03-03,236,468,347,8594,354,False,0,False,False,False,False,False,OK
2024-03-04,225,509,340,8660,229,False,0,False,False,False,False,False,OK
2024-03-05,246,472,345,8800,214,False,0,False,False,False,False,False,OK
2024-03-06,230,457,277,8870,232,False,0,False,False,False,False,False,OK
2024-03-07,181,424,328,8902,305,False,0,False,False,False,False,False,OK
2024-03-08,0,405,0,8839,0,True,5,True,False,False,False,False,Imputed date; Imputed values
2024-03-09,0,387,0,8777,0,True,5,True,False,False,False,False,Imputed date; Imputed values
2024-03-10,190,368,326,8714,373,False,0,False,False,False,False,False,OK
2024-03-11,178,336,290,8757,253,False,0,False,False,False,False,False,OK
2024-03-12,154,294,290,8843,213,False,0,False,False,False,False,False,OK
2024-03-13,165,358,167,8819,239,False,0,False,False,False,False,False,OK
2024-03-14,166,301,252,8695,310,False,0,False,False,False,False,False,OK
2024-03-15,0,287,0,8588,0,True,5,True,False,False,False,False,Imputed date; Imputed values
2024-03-16,0,274,0,8480,0,True,5,True,False,False,False,False,Imputed date; Imputed values
2024-03-17,127,260,259,8373,342,False,0,False,False,False,False,False,OK
2024-03-18,123,243,188,8333,283,False,0,False,False,False,False,False,OK
2024-03-19,99,202,256,8390,197,False,0,False,True,False,False,True,Transfer > CBP custody
2024-03-20,91,181,174,8365,227,False,0,False,False,False,False,False,OK
2024-03-21,132,261,141,8292,235,False,0,False,False,False,False,False,OK
2024-03-22,0,262,0,8161,0,True,5,True,False,False,False,False,Imputed date; Imputed values
2024-03-23,0,263,0,8030,0,True,5,True,False,False,False,False,Imputed date; Imputed values
2024-03-24,124,264,221,7899,373,False,0,False,False,False,False,False,OK
2024-03-25,128,242,224,7899,229,False,0,False,False,False,False,False,OK
2024-03-26,187,276,200,7919,208,False,0,False,False,False,False,False,OK
2024-03-27,129,287,185,7893,215,False,0,False,False,False,False,False,OK
2024-03-28,161,288,248,7762,360,False,0,False,False,False,False,False,OK
2024-03-29,0,277,0,7594,0,True,5,True,False,False,False,False,Imputed date; Imputed values
2024-03-30,0,265,0,7425,0,True,5,True,False,False,False,False,Imputed date; Imputed values
2024-03-31,105,254,151,7257,287,False,0,False,False,False,False,False,OK
2024-04-01,109,235,171,7271,172,False,0,False,False,False,False,False,OK
2024-04-02,101,230,175,7340,132,False,0,False,False,False,False,False,OK
2024-04-03,124,230,190,7346,163,False,0,False,False,False,False,False,OK
2024-04-04,95,226,152,7317,225,False,0,False,False,False,False,False,OK
2024-04-05,0,230,0,7205,0,True,5,True,False,False,False,False,Imputed date; Imputed values
2024-04-06,0,235,0,7094,0,True,5,True,False,False,False,False,Imputed date; Imputed values
2024-04-07,106,239,233,6982,279,False,0,False,False,False,False,False,OK
2024-04-08,102,230,167,6988,199,False,0,False,False,False,False,False,OK
2024-04-09,118,231,217,7043,130,False,0,False,False,False,False,False,OK
2024-04-10,117,244,142,6999,227,False,0,False,False,False,False,False,OK
2024-04-11,183,221,220,6912,285,False,0,False,False,False,False,False,OK
2024-04-12,0,229,0,6818,0,True,5,True,False,False,False,False,Imputed date; Imputed values
2024-04-13,0,237,0,6724,0,True,5,True,False,False,False,False,Imputed date; Imputed values
2024-04-14,128,245,243,6630,290,False,0,False,False,False,False,False,OK
2024-04-15,144,303,176,6681,191,False,0,False,False,False,False,False,OK
2024-04-16,219,392,205,6685,163,False,0,False,False,False,False,False,OK
2024-04-17,182,371,274,6725,227,False,0,False,False,False,False,False,OK
2024-04-18,144,322,258,6728,260,False,0,False,False,False,False,False,OK
2024-04-19,0,341,0,6734,0,True,5,True,False,False,False,False,Imputed date; Imputed values
2024-04-20,0,361,0,6739,0,True,5,True,False,False,False,False,Imputed date; Imputed values
2024-04-21,208,380,343,6745,240,False,0,False,False,False,False,False,OK
2024-04-22,176,424,251,6799,214,False,0,False,False,False,False,False,OK
2024-04-23,252,427,307,6967,134,False,0,False,False,False,False,False,OK
2024-04-24,253,411,307,7128,154,False,0,False,False,False,False,False,OK
2024-04-25,145,357,333,7209,217,False,0,False,False,False,False,False,OK
2024-04-26,0,354,0,7239,0,True,5,True,False,False,False,False,Imputed date; Imputed values
2024-04-27,0,352,0,7268,0,True,5,True,False,False,False,False,Imputed date; Imputed values
2024-04-28,158,349,365,7298,250,False,0,False,True,False,False,True,Transfer > CBP custody
2024-04-29,140,292,255,7373,187,False,0,False,False,False,False,False,OK
2024-04-30,220,443,194,7431,135,False,0,False,False,False,False,False,OK
2024-05-01,197,437,295,7508,190,False,0,False,False,False,False,False,OK
2024-05-02,206,411,293,7577,194,False,0,False,False,False,False,False,OK
2024-05-03,0,379,0,7534,0,True,5,True,False,False,False,False,Imputed date; Imputed values
2024-05-04,0,347,0,7490,0,True,5,True,False,False,False,False,Imputed date; Imputed values
2024-05-05,150,315,228,7447,332,False,0,False,False,False,False,False,OK
2024-05-06,173,337,211,7449,205,False,0,False,False,False,False,False,OK
2024-05-07,176,334,246,7566,163,False,0,False,False,False,False,False,OK
2024-05-08,167,374,205,7583,202,False,0,False,False,False,False,False,OK
2024-05-09,138,285,268,7570,244,False,0,False,False,False,False,False,OK
2024-05-10,0,290,0,7535,0,True,5,True,False,False,False,False,Imputed date; Imputed values
2024-05-11,0,296,0,7499,0,True,5,True,False,False,False,False,Imputed date; Imputed values
2024-05-12,138,301,263,7464,245,False,0,False,False,False,False,False,OK
2024-05-13,112,331,167,7499,157,False,0,False,False,False,False,False,OK
2024-05-14,246,419,218,7546,186,False,0,False,False,False,False,False,OK
2024-05-15,115,285,341,7589,265,False,0,False,True,False,False,True,Transfer > CBP custody
2024-05-16,206,340,214,7565,234,False,0,False,False,False,False,False,OK
2024-05-17,0,325,0,7495,0,True,5,True,False,False,False,False,Imputed date; Imputed values
2024-05-18,0,310,0,7426,0,True,5,True,False,False,False,False,Imputed date; Imputed values
2024-05-19,143,295,278,7356,298,False,0,False,False,False,False,False,OK
2024-05-20,111,268,217,7368,192,False,0,False,False,False,False,False,OK
2024-05-21,196,348,176,7404,145,False,0,False,False,False,False,False,OK
2024-05-22,168,349,272,7474,208,False,0,False,False,False,False,False,OK
2024-05-23,193,272,314,7494,227,False,0,False,True,False,False,True,Transfer > CBP custody
2024-05-24,0,290,0,7462,0,True,5,True,False,False,False,False,Imputed date; Imputed values
2024-05-25,0,308,0,7430,0,True,5,True,False,False,False,False,Imputed date; Imputed values
2024-05-26,0,326,0,7397,0,True,5,True,False,False,False,False,Imputed date; Imputed values
2024-05-27,156,344,252,7365,167,False,0,False,False,False,False,False,OK
2024-05-28,153,348,239,7418,151,False,0,False,False,False,False,False,OK
2024-05-29,182,462,158,7491,141,False,0,False,False,False,False,False,OK
2024-05-30,167,406,339,7563,190,False,0,False,False,False,False,False,OK
2024-05-31,0,381,0,7557,0,True,5,True,False,False,False,False,Imputed date; Imputed values
2024-06-01,0,355,0,7552,0,True,5,True,False,False,False,False,Imputed date; Imputed values
2024-06-02,159,330,322,7546,306,False,0,False,False,False,False,False,OK
2024-06-03,109,244,257,7596,224,False,0,False,True,False,False,True,Transfer > CBP custody
2024-06-04,260,356,176,7565,203,False,0,False,False,False,False,False,OK
2024-06-05,173,345,291,7691,198,False,0,False,False,False,False,False,OK
2024-06-06,179,326,282,7741,238,False,0,False,False,False,False,False,OK
2024-06-07,0,314,0,7644,0,True,5,True,False,False,False,False,Imputed date; Imputed values
2024-06-08,0,301,0,7548,0,True,5,True,False,False,False,False,Imputed date; Imputed values
2024-06-09,116,289,166,7451,312,False,0,False,False,False,False,False,OK
2024-06-10,184,334,229,7439,212,False,0,False,False,False,False,False,OK
2024-06-11,186,352,224,7493,156,False,0,False,False,False,False,False,OK
2024-06-12,152,266,274,7548,212,False,0,False,True,False,False,True,Transfer > CBP custody
2024-06-13,167,293,230,7544,259,False,0,False,False,False,False,False,OK
2024-06-14,0,300,0,7465,0,True,5,True,False,False,False,False,Imputed date; Imputed values
2024-06-15,0,308,0,7386,0,True,5,True,False,False,False,False,Imputed date; Imputed values
2024-06-16,204,315,233,7307,294,False,0,False,False,False,False,False,OK
2024-06-17,159,310,272,7318,224,False,0,False,False,False,False,False,OK
2024-06-18,160,297,253,7340,214,False,0,False,False,False,False,False,OK
2024-06-19,204,321,246,7433,198,False,0,False,False,False,False,False,OK
2024-06-20,145,247,243,7431,235,False,0,False,False,False,False,False,OK
2024-06-21,0,240,0,7370,0,True,5,True,False,False,False,False,Imputed date; Imputed values
2024-06-22,0,234,0,7308,0,True,5,True,False,False,False,False,Imputed date; Imputed values
2024-06-23,102,227,201,7247,294,False,0,False,False,False,False,False,OK
2024-06-24,116,175,172,7239,202,False,0,False,False,False,False,False,OK
2024-06-25,172,263,191,7239,202,False,0,False,False,False,False,False,OK
2024-06-26,132,235,197,7268,187,False,0,False,False,False,False,False,OK
2024-06-27,174,208,256,7248,268,False,0,False,True,False,False,True,Transfer > CBP custody
2024-06-28,0,215,0,7123,0,True,5,True,False,False,False,False,Imputed date; Imputed values
2024-06-29,0,223,0,6999,0,True,5,True,False,False,False,False,Imputed date; Imputed values
2024-06-30,123,230,167,6874,273,False,0,False,False,False,False,False,OK
2024-07-01,123,233,159,6825,229,False,0,False,False,False,False,False,OK
2024-07-02,141,232,188,6823,184,False,0,False,False,False,False,False,OK
2024-07-03,0,229,0,6806,0,True,5,True,False,False,False,False,Imputed date; Imputed values
2024-07-04,158,226,191,6790,225,False,0,False,False,False,False,False,OK
2024-07-05,0,204,0,6726,0,True,5,True,False,False,False,False,Imputed date; Imputed values
2024-07-06,0,182,0,6663,0,True,5,True,False,False,False,False,Imputed date; Imputed values
2024-07-07,96,160,233,6599,213,False,0,False,True,False,False,True,Transfer > CBP custody
2024-07-08,141,173,129,6617,123,False,0,False,False,False,False,False,OK
2024-07-09,116,181,182,6651,130,False,0,False,True,False,False,True,Transfer > CBP custody
2024-07-10,150,157,201,6649,177,False,0,False,True,False,False,True,Transfer > CBP custody
2024-07-11,80,176,125,6640,197,False,0,False,False,False,False,False,OK
2024-07-12,0,180,0,6529,0,True,5,True,False,False,False,False,Imputed date; Imputed values
2024-07-13,0,184,0,6419,0,True,5,True,False,False,False,False,Imputed date; Imputed values
2024-07-14,116,188,164,6308,237,False,0,False,False,False,False,False,OK
2024-07-15,105,185,158,6283,171,False,0,False,False,False,False,False,OK
2024-07-16,136,246,123,6239,173,False,0,False,False,False,False,False,OK
2024-07-17,128,228,177,6228,187,False,0,False,False,False,False,False,OK
2024-07-18,0,220,0,6186,0,True,5,True,False,False,False,False,Imputed date; Imputed values
2024-07-19,0,212,0,6143,0,True,5,True,False,False,False,False,Imputed date; Imputed values
2024-07-20,0,204,0,6100,0,True,5,True,False,False,False,False,Imputed date; Imputed values
2024-07-21,90,196,205,6058,262,False,0,False,True,False,False,True,Transfer > CBP custody
2024-07-22,102,189,155,6002,234,False,0,False,False,False,False,False,OK
2024-07-23,120,257,126,5965,170,False,0,False,False,False,False,False,OK
2024-07-24,137,272,166,5927,177,False,0,False,False,False,False,False,OK
2024-07-25,93,198,208,5954,194,False,0,False,True,False,False,True,Transfer > CBP custody
2024-07-26,0,229,0,5884,0,True,5,True,False,False,False,False,Imputed date; Imputed values
2024-07-27,0,259,0,5813,0,True,5,True,False,False,False,False,Imputed date; Imputed values
2024-07-28,152,290,199,5743,207,False,0,False,False,False,False,False,OK
2024-07-29,114,210,219,5819,163,False,0,False,True,False,False,True,Transfer > CBP custody
2024-07-30,125,203,208,5930,92,False,0,False,True,False,False,True,Transfer > CBP custody
2024-07-31,140,261,163,5963,154,False,0,False,False,False,False,False,OK
2024-08-01,227,298,212,6016,169,False,0,False,False,False,False,False,OK
2024-08-02,0,254,0,5992,0,True,5,True,False,False,False,False,Imputed date; Imputed values
2024-08-03,0,211,0,5967,0,True,5,True,False,False,False,False,Imputed date; Imputed values
2024-08-04,63,167,143,5943,170,False,0,False,False,False,False,False,OK
2024-08-05,172,259,138,5950,150,False,0,False,False,False,False,False,OK
2024-08-06,163,283,200,5998,143,False,0,False,False,False,False,False,OK
2024-08-07,135,273,207,6038,174,False,0,False,False,False,False,False,OK
2024-08-08,119,230,213,6084,174,False,0,False,False,False,False,False,OK
2024-08-09,0,224,0,6021,0,True,5,True,False,False,False,False,Imputed date; Imputed values
2024-08-10,0,217,0,5957,0,True,5,True,False,False,False,False,Imputed date; Imputed values
2024-08-11,95,211,140,5894,249,False,0,False,False,False,False,False,OK
2024-08-12,109,219,155,5903,148,False,0,False,False,False,False,False,OK
2024-08-13,162,239,189,5981,123,False,0,False,False,False,False,False,OK
2024-08-14,109,226,191,5987,178,False,0,False,False,False,False,False,OK
2024-08-15,124,241,156,5895,220,False,0,False,False,False,False,False,OK
2024-08-16,0,242,0,5870,0,True,5,True,False,False,False,False,Imputed date; Imputed values
2024-08-17,0,243,0,5846,0,True,5,True,False,False,False,False,Imputed date; Imputed values
2024-08-18,86,244,235,5821,178,False,0,False,False,False,False,False,OK
2024-08-19,176,254,162,5865,158,False,0,False,False,False,False,False,OK
2024-08-20,136,274,245,5995,112,False,0,False,False,False,False,False,OK
2024-08-21,134,245,167,6028,156,False,0,False,False,False,False,False,OK
2024-08-22,182,307,205,6054,171,False,0,False,False,False,False,False,OK
2024-08-23,0,303,0,6074,0,True,5,True,False,False,False,False,Imputed date; Imputed values
2024-08-24,0,298,0,6093,0,True,5,True,False,False,False,False,Imputed date; Imputed values
2024-08-25,0,294,0,6113,0,True,5,True,False,False,False,False,Imputed date; Imputed values
2024-08-26,0,289,0,6132,0,True,5,True,False,False,False,False,Imputed date; Imputed values
2024-08-27,149,285,222,6152,97,False,0,False,False,False,False,False,OK
2024-08-28,170,285,178,6227,134,False,0,False,False,False,False,False,OK
2024-08-29,145,295,188,6250,169,False,0,False,False,False,False,False,OK
2024-08-30,0,289,0,6236,0,True,5,True,False,False,False,False,Imputed date; Imputed values
2024-08-31,0,282,0,6221,0,True,5,True,False,False,False,False,Imputed date; Imputed values
2024-09-01,0,276,0,6206,0,True,5,True,False,False,False,False,Imputed date; Imputed values
2024-09-02,133,270,198,6192,129,False,0,False,False,False,False,False,OK
2024-09-03,131,263,177,6272,112,False,0,False,False,False,False,False,OK
2024-09-04,121,231,219,6375,114,False,0,False,False,False,False,False,OK
2024-09-05,126,230,175,6448,121,False,0,False,False,False,False,False,OK
2024-09-06,0,238,0,6403,0,True,5,True,False,False,False,False,Imputed date; Imputed values
2024-09-07,0,247,0,6357,0,True,5,True,False,False,False,False,Imputed date; Imputed values
2024-09-08,123,255,164,6312,221,False,0,False,False,False,False,False,OK
2024-09-09,144,275,190,6353,141,False,0,False,False,False,False,False,OK
2024-09-10,131,251,180,6396,148,False,0,False,False,False,False,False,OK
2024-09-11,93,248,175,6410,162,False,0,False,False,False,False,False,OK
2024-09-12,184,280,210,6360,220,False,0,False,False,False,False,False,OK
2024-09-13,81,200,212,6326,279,False,0,False,True,False,False,True,Transfer > CBP custody
2024-09-14,0,210,0,6280,0,True,5,True,False,False,False,False,Imputed date; Imputed values
2024-09-15,98,220,167,6234,210,False,0,False,False,False,False,False,OK
2024-09-16,113,209,160,6229,164,False,0,False,False,False,False,False,OK
2024-09-17,159,304,139,6227,160,False,0,False,False,False,False,False,OK
2024-09-18,116,213,217,6245,149,False,0,False,True,False,False,True,Transfer > CBP custody
2024-09-19,93,196,169,6270,188,False,0,False,False,False,False,False,OK
2024-09-20,0,209,0,6176,0,True,5,True,False,False,False,False,Imputed date; Imputed values
2024-09-21,0,221,0,6083,0,True,5,True,False,False,False,False,Imputed date; Imputed values
2024-09-22,124,234,161,5989,197,False,0,False,False,False,False,False,OK
2024-09-23,92,203,173,6002,165,False,0,False,False,False,False,False,OK
2024-09-24,186,259,172,6023,143,False,0,False,False,False,False,False,OK
2024-09-25,154,225,220,6050,169,False,0,False,False,False,False,False,OK
2024-09-26,91,199,172,6090,185,False,0,False,False,False,False,False,OK
2024-09-27,0,204,0,6035,0,True,5,True,False,False,False,False,Imputed date; Imputed values
2024-09-28,0,208,0,5980,0,True,5,True,False,False,False,False,Imputed date; Imputed values
2024-09-29,81,213,153,5925,177,False,0,False,False,False,False,False,OK
2024-09-30,209,285,184,5967,138,False,0,False,False,False,False,False,OK
2024-10-01,184,314,217,6040,137,False,0,False,False,False,False,False,OK
2024-10-02,107,215,230,6091,173,False,0,False,True,False,False,True,Transfer > CBP custody
2024-10-03,101,162,178,6118,193,False,0,False,True,False,False,True,Transfer > CBP custody
2024-10-04,0,169,0,6080,0,True,5,True,False,False,False,False,Imputed date; Imputed values
2024-10-05,0,176,0,6043,0,True,5,True,False,False,False,False,Imputed date; Imputed values
2024-10-06,0,183,0,6006,0,True,5,True,False,False,False,False,Imputed date; Imputed values
2024-10-07,99,190,176,5968,153,False,0,False,False,False,False,False,OK
2024-10-08,167,239,166,6013,123,False,0,False,False,False,False,False,OK
2024-10-09,115,216,169,6047,137,False,0,False,False,False,False,False,OK
2024-10-10,84,158,193,6075,159,False,0,False,True,False,False,True,Transfer > CBP custody
2024-10-11,0,181,0,6013,0,True,5,True,False,False,False,False,Imputed date; Imputed values
2024-10-12,0,204,0,5951,0,True,5,True,False,False,False,False,Imputed date; Imputed values
2024-10-13,130,227,192,5889,210,False,0,False,False,False,False,False,OK
2024-10-14,88,214,160,5935,106,False,0,False,False,False,False,False,OK
2024-10-15,113,208,159,6013,107,False,0,False,False,False,False,False,OK
2024-10-16,174,285,150,6036,129,False,0,False,False,False,False,False,OK
2024-10-17,104,230,206,6076,160,False,0,False,False,False,False,False,OK
2024-10-18,0,245,0,6023,0,True,5,True,False,False,False,False,Imputed date; Imputed values
2024-10-19,0,261,0,5971,0,True,5,True,False,False,False,False,Imputed date; Imputed values
2024-10-20,147,276,214,5918,195,False,0,False,False,False,False,False,OK
2024-10-21,108,220,213,5966,154,False,0,False,False,False,False,False,OK
2024-10-22,180,280,146,6043,109,False,0,False,False,False,False,False,OK
2024-10-23,134,294,186,6077,138,False,0,False,False,False,False,False,OK
2024-10-24,0,299,0,6051,0,True,5,True,False,False,False,False,Imputed date; Imputed values
2024-10-25,0,304,0,6026,0,True,5,True,False,False,False,False,Imputed date; Imputed values
2024-10-26,0,308,0,6000,0,True,5,True,False,False,False,False,Imputed date; Imputed values
2024-10-27,202,313,158,5974,192,False,0,False,False,False,False,False,OK
2024-10-28,110,272,193,6008,156,False,0,False,False,False,False,False,OK
2024-10-29,166,277,229,6106,126,False,0,False,False,False,False,False,OK
2024-10-30,136,276,178,6149,160,False,0,False,False,False,False,False,OK
2024-10-31,87,246,173,6148,177,False,0,False,False,False,False,False,OK
2024-11-01,0,221,0,6095,0,True,5,True,False,False,False,False,Imputed date; Imputed values
2024-11-02,0,196,0,6043,0,True,5,True,False,False,False,False,Imputed date; Imputed values
2024-11-03,84,171,157,5990,184,False,0,False,False,False,False,False,OK
2024-11-04,167,209,157,6007,132,False,0,False,False,False,False,False,OK
2024-11-05,109,245,159,6045,126,False,0,False,False,False,False,False,OK
2024-11-06,156,256,176,6086,137,False,0,False,False,False,False,False,OK
2024-11-07,125,232,192,6084,177,False,0,False,False,False,False,False,OK
2024-11-08,0,209,0,6054,0,True,5,True,False,False,False,False,Imputed date; Imputed values
2024-11-09,0,186,0,6024,0,True,5,True,False,False,False,False,Imputed date; Imputed values
2024-11-10,0,162,0,5993,0,True,5,True,False,False,False,False,Imputed date; Imputed values
2024-11-11,118,139,168,5963,145,False,0,False,True,False,False,True,Transfer > CBP custody
2024-11-12,142,235,139,5975,138,False,0,False,False,False,False,False,OK
2024-11-13,148,245,175,5966,151,False,0,False,False,False,False,False,OK
2024-11-14,119,219,210,6025,172,False,0,False,False,False,False,False,OK
2024-11-15,0,216,0,5955,0,True,5,True,False,False,False,False,Imputed date; Imputed values
2024-11-16,0,213,0,5886,0,True,5,True,False,False,False,False,Imputed date; Imputed values
2024-11-17,105,210,149,5816,195,False,0,False,False,False,False,False,OK
2024-11-18,143,203,163,5819,138,False,0,False,False,False,False,False,OK
2024-11-19,119,209,152,5844,146,False,0,False,False,False,False,False,OK
2024-11-20,155,212,181,5879,148,False,0,False,False,False,False,False,OK
2024-11-21,109,214,173,5850,210,False,0,False,False,False,False,False,OK
2024-11-22,0,237,0,5788,0,True,5,True,False,False,False,False,Imputed date; Imputed values
2024-11-23,0,260,0,5726,0,True,5,True,False,False,False,False,Imputed date; Imputed values
2024-11-24,191,283,192,5664,207,False,0,False,False,False,False,False,OK
2024-11-25,170,297,196,5715,129,False,0,False,False,False,False,False,OK
2024-11-26,152,272,214,5826,112,False,0,False,False,False,False,False,OK
2024-11-27,239,367,224,5862,211,False,0,False,False,False,False,False,OK
2024-11-28,113,280,237,5963,143,False,0,False,False,False,False,False,OK
2024-11-29,0,289,0,5971,0,True,5,True,False,False,False,False,Imputed date; Imputed values
2024-11-30,0,297,0,5978,0,True,5,True,False,False,False,False,Imputed date; Imputed values
2024-12-01,196,306,187,5986,149,False,0,False,False,False,False,False,OK
2024-12-02,236,330,222,6061,115,False,0,False,False,False,False,False,OK
2024-12-03,81,230,242,6192,107,False,0,False,True,False,False,True,Transfer > CBP custody
2024-12-04,118,245,160,6269,115,False,0,False,False,False,False,False,OK
2024-12-05,218,283,208,6310,150,False,0,False,False,False,False,False,OK
2024-12-06,0,270,0,6302,0,True,5,True,False,False,False,False,Imputed date; Imputed values
2024-12-07,0,256,0,6294,0,True,5,True,False,False,False,False,Imputed date; Imputed values
2024-12-08,132,243,183,6286,172,False,0,False,False,False,False,False,OK
2024-12-09,224,315,152,6268,174,False,0,False,False,False,False,False,OK
2024-12-10,167,326,213,6310,149,False,0,False,False,False,False,False,OK
2024-12-11,209,353,232,6402,152,False,0,False,False,False,False,False,OK
2024-12-12,153,253,286,6481,194,False,0,False,True,False,False,True,Transfer > CBP custody
2024-12-13,0,281,0,6457,0,True,5,True,False,False,False,False,Imputed date; Imputed values
2024-12-14,0,309,0,6432,0,True,5,True,False,False,False,False,Imputed date; Imputed values
2024-12-15,180,337,219,6408,224,False,0,False,False,False,False,False,OK
2024-12-16,133,287,189,6454,149,False,0,False,False,False,False,False,OK
2024-12-17,187,310,247,6506,151,False,0,False,False,False,False,False,OK
2024-12-18,168,285,210,6598,134,False,0,False,False,False,False,False,OK
2024-12-19,269,412,204,6600,238,False,0,False,False,False,False,False,OK
2024-12-20,0,360,0,6598,0,True,5,True,False,False,False,False,Imputed date; Imputed values
2024-12-21,0,307,0,6597,0,True,5,True,False,False,False,False,Imputed date; Imputed values
2024-12-22,100,255,236,6595,268,False,0,False,False,False,False,False,OK
2024-12-23,205,294,177,6548,231,False,0,False,False,False,False,False,OK
2024-12-24,161,304,211,6622,155,False,0,False,False,False,False,False,OK
2024-12-25,57,162,193,6689,107,False,0,False,True,False,False,True,Transfer > CBP custody
2024-12-26,80,122,152,6707,135,False,0,False,True,False,False,True,Transfer > CBP custody
2024-12-27,0,138,0,6626,0,True,5,True,False,False,False,False,Imputed date; Imputed values
2024-12-28,0,154,0,6546,0,True,5,True,False,False,False,False,Imputed date; Imputed values
2024-12-29,107,170,133,6465,216,False,0,False,False,False,False,False,OK
2024-12-30,99,156,139,6454,177,False,0,False,False,False,False,False,OK
2024-12-31,0,111,0,6430,0,True,5,True,False,False,False,False,Imputed date; Imputed values
2025-01-01,25,66,94,6405,144,False,0,False,True,False,False,True,Transfer > CBP custody
2025-01-02,35,70,53,6292,170,False,0,False,False,False,False,False,OK
2025-01-03,0,71,0,6155,0,True,5,True,False,False,False,False,Imputed date; Imputed values
2025-01-04,0,72,0,6019,0,True,5,True,False,False,False,False,Imputed date; Imputed values
2025-01-05,43,73,64,5882,185,False,0,False,False,False,False,False,OK
2025-01-06,41,60,71,5769,190,False,0,False,True,False,False,True,Transfer > CBP custody
2025-01-07,65,83,65,5703,133,False,0,False,False,False,False,False,OK
2025-01-08,38,80,82,5605,184,False,0,False,True,False,False,True,Transfer > CBP custody
2025-01-09,56,82,68,5507,164,False,0,False,False,False,False,False,OK
2025-01-10,0,89,0,5369,0,True,5,True,False,False,False,False,Imputed date; Imputed values
2025-01-11,0,96,0,5230,0,True,5,True,False,False,False,False,Imputed date; Imputed values
2025-01-12,74,103,80,5092,235,False,0,False,False,False,False,False,OK
2025-01-13,68,107,102,5019,181,False,0,False,False,False,False,False,OK
2025-01-14,92,124,93,4957,139,False,0,False,False,False,False,False,OK
2025-01-15,113,162,107,4903,164,False,0,False,False,False,False,False,OK
2025-01-16,106,196,131,4881,159,False,0,False,False,False,False,False,OK
2025-01-17,0,181,0,4797,0,True,5,True,False,False,False,False,Imputed date; Imputed values
2025-01-18,0,167,0,4712,0,True,5,True,False,False,False,False,Imputed date; Imputed values
2025-01-19,86,152,168,4628,176,False,0,False,True,False,False,True,Transfer > CBP custody
2025-01-20,84,118,136,4638,127,False,0,False,True,False,False,True,Transfer > CBP custody
2025-01-21,59,64,117,4728,54,False,0,False,True,False,False,True,Transfer > CBP custody
2025-01-22,62,97,52,4717,83,False,0,False,False,False,False,False,OK
2025-01-23,91,75,97,4621,174,False,0,False,True,False,False,True,Transfer > CBP custody
2025-01-24,0,67,0,4494,0,True,5,True,False,False,False,False,Imputed date; Imputed values
2025-01-25,0,59,0,4368,0,True,5,True,False,False,False,False,Imputed date; Imputed values
2025-01-26,29,51,11,4241,182,False,0,False,False,False,False,False,OK
2025-01-27,33,53,34,4161,127,False,0,False,False,False,False,False,OK
2025-01-28,32,49,39,4096,101,False,0,False,False,False,False,False,OK
2025-01-29,32,50,39,4036,99,False,0,False,False,False,False,False,OK
2025-01-30,47,42,47,3923,159,False,0,False,True,False,False,True,Transfer > CBP custody
2025-01-31,0,35,0,3776,0,True,5,True,False,False,False,False,Imputed date; Imputed values
2025-02-01,0,29,0,3630,0,True,5,True,False,False,False,False,Imputed date; Imputed values
2025-02-02,20,22,41,3483,168,False,0,False,True,False,False,True,Transfer > CBP custody
2025-02-03,23,45,11,3403,102,False,0,False,False,False,False,False,OK
2025-02-04,34,54,29,3359,74,False,0,False,False,False,False,False,OK
2025-02-05,26,36,36,3290,104,False,0,False,False,False,False,False,OK
2025-02-06,25,32,27,3181,145,False,0,False,False,False,False,False,OK
2025-02-07,0,26,0,3080,0,True,5,True,False,False,False,False,Imputed date; Imputed values
2025-02-08,0,19,0,2979,0,True,5,True,False,False,False,False,Imputed date; Imputed values
2025-02-09,15,13,23,2878,99,False,0,False,True,False,False,True,Transfer > CBP custody
2025-02-10,16,18,15,2834,63,False,0,False,False,False,False,False,OK
2025-02-11,11,22,12,2799,50,False,0,False,False,False,False,False,OK
2025-02-12,16,20,20,2752,66,False,0,False,False,False,False,False,OK
2025-02-13,15,10,23,2703,72,False,0,False,True,False,False,True,Transfer > CBP custody
2025-02-14,0,12,0,2660,0,True,5,True,False,False,False,False,Imputed date; Imputed values
2025-02-15,0,14,0,2618,0,True,5,True,False,False,False,False,Imputed date; Imputed values
2025-02-16,0,15,0,2575,0,True,5,True,False,False,False,False,Imputed date; Imputed values
2025-02-17,8,17,14,2532,15,False,0,False,False,False,False,False,OK
2025-02-18,18,19,11,2536,9,False,0,False,False,False,False,False,OK
2025-02-19,12,17,17,2528,19,False,0,False,False,False,False,False,OK
2025-02-20,13,25,15,2520,32,False,0,False,False,False,False,False,OK
2025-02-21,0,22,0,2488,0,True,5,True,False,False,False,False,Imputed date; Imputed values
2025-02-22,0,19,0,2455,0,True,5,True,False,False,False,False,Imputed date; Imputed values
2025-02-23,7,16,8,2423,35,False,0,False,False,False,False,False,OK
2025-02-24,20,22,14,2413,24,False,0,False,False,False,False,False,OK
2025-02-25,11,7,7,2413,23,False,0,False,False,False,False,False,OK
2025-02-26,12,21,1,2411,23,False,0,False,False,False,False,False,OK
2025-02-27,10,15,17,2391,37,False,0,False,True,False,False,True,Transfer > CBP custody
2025-02-28,0,18,0,2360,0,True,5,True,False,False,False,False,Imputed date; Imputed values
2025-03-01,0,21,0,2328,0,True,5,True,False,False,False,False,Imputed date; Imputed values
2025-03-02,12,24,4,2297,31,False,0,False,False,False,False,False,OK
2025-03-03,8,29,18,2287,25,False,0,False,False,False,False,False,OK
2025-03-04,4,25,10,2272,30,False,0,False,False,False,False,False,OK
2025-03-05,5,20,4,2238,40,False,0,False,False,False,False,False,OK
2025-03-06,7,27,6,2218,33,False,0,False,False,False,False,False,OK
2025-03-07,0,26,0,2191,0,True,5,True,False,False,False,False,Imputed date; Imputed values
2025-03-08,0,26,0,2164,0,True,5,True,False,False,False,False,Imputed date; Imputed values
2025-03-09,12,25,15,2137,30,False,0,False,False,False,False,False,OK
2025-03-10,6,28,8,2125,23,False,0,False,False,False,False,False,OK
2025-03-11,3,11,7,2116,20,False,0,False,False,False,False,False,OK
2025-03-12,6,18,2,2113,8,False,0,False,False,False,False,False,OK
2025-03-13,4,20,9,2116,6,False,0,False,False,False,False,False,OK
2025-03-14,0,16,0,2116,0,True,5,True,False,False,False,False,Imputed date; Imputed values
2025-03-15,0,13,0,2117,0,True,5,True,False,False,False,False,Imputed date; Imputed values
2025-03-16,1,9,8,2117,5,False,0,False,False,False,False,False,OK
2025-03-17,5,14,0,2111,8,False,0,False,False,False,False,False,OK
2025-03-18,19,34,6,2109,8,False,0,False,False,False,False,False,OK
2025-03-19,6,22,14,2119,9,False,0,False,False,False,False,False,OK
2025-03-20,9,20,11,2124,7,False,0,False,False,False,False,False,OK
2025-03-21,0,23,0,2128,0,True,5,True,False,False,False,False,Imputed date; Imputed values
2025-03-22,0,26,0,2132,0,True,5,True,False,False,False,False,Imputed date; Imputed values
2025-03-23,15,29,9,2136,2,False,0,False,False,False,False,False,OK
2025-03-24,7,13,11,2139,7,False,0,False,False,False,False,False,OK
2025-03-25,12,19,7,2145,6,False,0,False,False,False,False,False,OK
2025-03-26,9,21,15,2159,2,False,0,False,False,False,False,False,OK
2025-03-27,1,19,13,2159,2,False,0,False,False,False,False,False,OK
2025-03-28,0,19,0,2169,0,True,5,True,False,False,False,False,Imputed date; Imputed values
2025-03-29,0,20,0,2178,0,True,5,True,False,False,False,False,Imputed date; Imputed values
2025-03-30,9,20,5,2188,2,False,0,False,False,False,False,False,OK
2025-03-31,9,25,8,2193,5,False,0,False,False,False,False,False,OK
2025-04-01,17,36,7,2191,12,False,0,False,False,False,False,False,OK
2025-04-02,5,31,16,2208,3,False,0,False,False,False,False,False,OK
2025-04-03,12,26,18,2223,8,False,0,False,False,False,False,False,OK
2025-04-04,0,22,0,2227,0,True,5,True,False,False,False,False,Imputed date; Imputed values
2025-04-05,0,18,0,2230,0,True,5,True,False,False,False,False,Imputed date; Imputed values
2025-04-06,7,14,7,2234,11,False,0,False,False,False,False,False,OK
2025-04-07,12,22,9,2237,5,False,0,False,False,False,False,False,OK
2025-04-08,12,34,12,2243,9,False,0,False,False,False,False,False,OK
2025-04-09,6,19,10,2251,5,False,0,False,False,False,False,False,OK
2025-04-10,18,25,17,2265,6,False,0,False,False,False,False,False,OK
2025-04-11,8,22,8,2267,9,False,0,False,False,False,False,False,OK
2025-04-12,0,24,0,2275,0,True,5,True,False,False,False,False,Imputed date; Imputed values
2025-04-13,5,26,10,2283,3,False,0,False,False,False,False,False,OK
2025-04-14,5,26,9,2282,13,False,0,False,False,False,False,False,OK
2025-04-15,4,19,12,2286,7,False,0,False,False,False,False,False,OK
2025-04-16,11,30,5,2291,8,False,0,False,False,False,False,False,OK
2025-04-17,7,26,10,2288,14,False,0,False,False,False,False,False,OK
2025-04-18,0,22,0,2294,0,True,5,True,False,False,False,False,Imputed date; Imputed values
2025-04-19,0,19,0,2299,0,True,5,True,False,False,False,False,Imputed date; Imputed values
2025-04-20,4,15,6,2305,4,False,0,False,False,False,False,False,OK
2025-04-21,10,25,5,2308,6,False,0,False,False,False,False,False,OK
2025-04-22,7,19,14,2305,17,False,0,False,False,False,False,False,OK
2025-04-23,3,23,4,2300,11,False,0,False,False,False,False,False,OK
2025-04-24,3,9,7,2294,13,False,0,False,False,False,False,False,OK
2025-04-25,0,19,0,2296,0,True,5,True,False,False,False,False,Imputed date; Imputed values
2025-04-26,0,30,0,2299,0,True,5,True,False,False,False,False,Imputed date; Imputed values
2025-04-27,9,40,12,2301,4,False,0,False,False,False,False,False,OK
2025-04-28,6,26,12,2307,8,False,0,False,False,False,False,False,OK
2025-04-29,11,25,11,2304,15,False,0,False,False,False,False,False,OK
2025-04-30,7,34,9,2309,12,False,0,False,False,False,False,False,OK
2025-05-01,13,32,14,2306,16,False,0,False,False,False,False,False,OK
2025-05-02,0,32,0,2316,0,True,5,True,False,False,False,False,Imputed date; Imputed values
2025-05-03,0,31,0,2325,0,True,5,True,False,False,False,False,Imputed date; Imputed values
2025-05-04,9,31,10,2335,5,False,0,False,False,False,False,False,OK
2025-05-05,15,44,20,2331,17,False,0,False,False,False,False,False,OK
2025-05-06,10,33,16,2339,16,False,0,False,False,False,False,False,OK
2025-05-07,10,30,15,2335,10,False,0,False,False,False,False,False,OK
2025-05-08,15,24,16,2361,11,False,0,False,False,False,False,False,OK
2025-05-09,0,23,0,2369,0,True,5,True,False,False,False,False,Imputed date; Imputed values
2025-05-10,0,21,0,2377,0,True,5,True,False,False,False,False,Imputed date; Imputed values
2025-05-11,15,20,12,2385,3,False,0,False,False,False,False,False,OK
2025-05-12,7,33,14,2392,7,False,0,False,False,False,False,False,OK
2025-05-13,18,29,12,2394,11,False,0,False,False,False,False,False,OK
2025-05-14,7,30,14,2394,11,False,0,False,False,False,False,False,OK
2025-05-15,15,31,14,2410,14,False,0,False,False,False,False,False,OK
2025-05-16,0,30,0,2419,0,True,5,True,False,False,False,False,Imputed date; Imputed values
2025-05-17,0,29,0,2428,0,True,5,True,False,False,False,False,Imputed date; Imputed values
2025-05-18,13,28,14,2437,9,False,0,False,False,False,False,False,OK
2025-05-19,7,27,17,2457,6,False,0,False,False,False,False,False,OK
2025-05-20,0,44,0,2462,0,True,5,True,False,False,False,False,Imputed date; Imputed values
2025-05-21,14,62,13,2467,18,False,0,False,False,False,False,False,OK
2025-05-22,18,36,17,2473,15,False,0,False,False,False,False,False,OK
2025-05-23,0,34,0,2479,0,True,5,True,False,False,False,False,Imputed date; Imputed values
2025-05-24,0,31,0,2485,0,True,5,True,False,False,False,False,Imputed date; Imputed values
2025-05-25,0,29,0,2492,0,True,5,True,False,False,False,False,Imputed date; Imputed values
2025-05-26,0,26,0,2498,0,True,5,True,False,False,False,False,Imputed date; Imputed values
2025-05-27,6,24,7,2504,11,False,0,False,False,False,False,False,OK
2025-05-28,12,39,12,2499,14,False,0,False,False,False,False,False,OK
2025-05-29,13,38,15,2506,11,False,0,False,False,False,False,False,OK
2025-05-30,0,33,0,2513,0,True,5,True,False,False,False,False,Imputed date; Imputed values
2025-05-31,0,29,0,2521,0,True,5,True,False,False,False,False,Imputed date; Imputed values
2025-06-01,8,24,16,2528,12,False,0,False,False,False,False,False,OK
2025-06-02,10,19,5,2518,16,False,0,False,False,False,False,False,OK
2025-06-03,5,23,11,2519,15,False,0,False,False,False,False,False,OK
2025-06-04,4,16,9,2516,16,False,0,False,False,False,False,False,OK
2025-06-05,8,26,5,2503,21,False,0,False,False,False,False,False,OK
2025-06-06,0,23,0,2504,0,True,5,True,False,False,False,False,Imputed date; Imputed values
2025-06-07,0,19,0,2506,0,True,5,True,False,False,False,False,Imputed date; Imputed values
2025-06-08,10,16,15,2507,13,False,0,False,False,False,False,False,OK
2025-06-09,8,21,14,2516,9,False,0,False,False,False,False,False,OK
2025-06-10,17,28,7,2511,12,False,0,False,False,False,False,False,OK
2025-06-11,0,27,0,2513,0,True,5,True,False,False,False,False,Imputed date; Imputed values
2025-06-12,0,27,0,2514,0,True,5,True,False,False,False,False,Imputed date; Imputed values
2025-06-13,0,26,0,2516,0,True,5,True,False,False,False,False,Imputed date; Imputed values
2025-06-14,0,26,0,2518,0,True,5,True,False,False,False,False,Imputed date; Imputed values
2025-06-15,0,25,0,2520,0,True,5,True,False,False,False,False,Imputed date; Imputed values
2025-06-16,0,25,0,2521,0,True,5,True,False,False,False,False,Imputed date; Imputed values
2025-06-17,7,24,10,2523,14,False,0,False,False,False,False,False,OK
2025-06-18,0,22,0,2512,0,True,5,True,False,False,False,False,Imputed date; Imputed values
2025-06-19,8,19,7,2501,18,False,0,False,False,False,False,False,OK
2025-06-20,0,17,0,2503,0,True,5,True,False,False,False,False,Imputed date; Imputed values
2025-06-21,0,15,0,2506,0,True,5,True,False,False,False,False,Imputed date; Imputed values
2025-06-22,7,13,5,2508,7,False,0,False,False,False,False,False,OK
2025-06-23,3,15,5,2495,17,False,0,False,False,False,False,False,OK
2025-06-24,5,20,5,2489,16,False,0,False,False,False,False,False,OK
2025-06-25,6,12,2,2470,24,False,0,False,False,False,False,False,OK
2025-06-26,3,9,7,2447,35,False,0,False,False,False,False,False,OK
2025-06-27,0,12,0,2436,0,True,5,True,False,False,False,False,Imputed date; Imputed values
2025-06-28,0,14,0,2424,0,True,5,True,False,False,False,False,Imputed date; Imputed values
2025-06-29,5,17,7,2413,20,False,0,False,False,False,False,False,OK
2025-06-30,9,22,8,2407,16,False,0,False,False,False,False,False,OK
2025-07-01,7,14,6,2391,22,False,0,False,False,False,False,False,OK
2025-07-02,8,20,9,2373,38,False,0,False,False,False,False,False,OK
2025-07-03,0,19,0,2363,0,True,5,True,False,False,False,False,Imputed date; Imputed values
2025-07-04,0,18,0,2352,0,True,5,True,False,False,False,False,Imputed date; Imputed values
2025-07-05,0,18,0,2342,0,True,5,True,False,False,False,False,Imputed date; Imputed values
2025-07-06,4,17,2,2332,8,False,0,False,False,False,False,False,OK
2025-07-07,3,18,8,2317,20,False,0,False,False,False,False,False,OK
2025-07-08,5,16,8,2306,20,False,0,False,False,False,False,False,OK
2025-07-09,2,18,0,2281,32,False,0,False,False,False,False,False,OK
2025-07-10,2,12,3,2252,39,False,0,False,False,False,False,False,OK
2025-07-11,0,12,0,2236,0,True,5,True,False,False,False,False,Imputed date; Imputed values
2025-07-12,0,13,0,2220,0,True,5,True,False,False,False,False,Imputed date; Imputed values
2025-07-13,1,13,4,2204,10,False,0,False,False,False,False,False,OK
2025-07-14,2,9,1,2181,26,False,0,False,False,False,False,False,OK
2025-07-15,0,8,5,2171,17,False,0,False,False,False,False,False,OK
2025-07-16,1,9,0,2164,11,False,0,False,False,False,False,False,OK
2025-07-17,3,16,2,2153,17,False,0,False,False,False,False,False,OK
2025-07-18,0,16,0,2145,0,True,5,True,False,False,False,False,Imputed date; Imputed values
2025-07-19,0,17,0,2137,0,True,5,True,False,False,False,False,Imputed date; Imputed values
2025-07-20,0,18,0,2129,0,True,5,True,False,False,False,False,Imputed date; Imputed values
2025-07-21,4,18,7,2121,16,False,0,False,False,False,False,False,OK
2025-07-22,5,13,3,2117,16,False,0,False,False,False,False,False,OK
2025-07-23,6,21,5,2111,14,False,0,False,False,False,False,False,OK
2025-07-24,6,18,7,2096,29,False,0,False,False,False,False,False,OK
2025-07-25,0,16,0,2093,0,True,5,True,False,False,False,False,Imputed date; Imputed values
2025-07-26,0,14,0,2091,0,True,5,True,False,False,False,False,Imputed date; Imputed values
2025-07-27,1,12,2,2088,4,False,0,False,False,False,False,False,OK
2025-07-28,2,9,3,2080,14,False,0,False,False,False,False,False,OK
2025-07-29,2,8,3,2072,12,False,0,False,False,False,False,False,OK
2025-07-30,4,15,4,2063,16,False,0,False,False,False,False,False,OK
2025-07-31,2,9,6,2058,15,False,0,False,False,False,False,False,OK
2025-08-01,0,15,0,2055,0,True,5,True,False,False,False,False,Imputed date; Imputed values
2025-08-02,0,20,0,2052,0,True,5,True,False,False,False,False,Imputed date; Imputed values
2025-08-03,5,26,3,2049,5,False,0,False,False,False,False,False,OK
2025-08-04,5,22,11,2040,14,False,0,False,False,False,False,False,OK
2025-08-05,2,21,10,2042,14,False,0,False,False,False,False,False,OK
2025-08-06,4,17,3,2036,13,False,0,False,False,False,False,False,OK
2025-08-07,4,18,6,2031,17,False,0,False,False,False,False,False,OK
2025-08-08,0,18,0,2023,0,True,5,True,False,False,False,False,Imputed date; Imputed values
2025-08-09,0,18,0,2014,0,True,5,True,False,False,False,False,Imputed date; Imputed values
2025-08-10,0,18,8,2006,12,False,0,False,False,False,False,False,OK
2025-08-11,6,23,4,1999,16,False,0,False,False,False,False,False,OK
2025-08-12,8,38,9,1999,9,False,0,False,False,False,False,False,OK
2025-08-13,6,22,12,1997,17,False,0,False,False,False,False,False,OK
2025-08-14,3,27,4,1994,11,False,0,False,False,False,False,False,OK
2025-08-15,0,23,0,1993,0,True,5,True,False,False,False,False,Imputed date; Imputed values
2025-08-16,0,18,0,1992,0,True,5,True,False,False,False,False,Imputed date; Imputed values
2025-08-17,4,14,2,1991,3,False,0,False,False,False,False,False,OK
2025-08-18,4,20,6,1985,14,False,0,False,False,False,False,False,OK
2025-08-19,5,35,3,1980,11,False,0,False,False,False,False,False,OK
2025-08-20,10,38,10,1983,10,False,0,False,False,False,False,False,OK
2025-08-21,6,49,8,1972,21,False,0,False,False,False,False,False,OK
2025-08-22,0,40,0,1975,0,True,5,True,False,False,False,False,Imputed date; Imputed values
2025-08-23,0,30,0,1978,0,True,5,True,False,False,False,False,Imputed date; Imputed values
2025-08-24,4,21,5,1981,5,False,0,False,False,False,False,False,OK
2025-08-25,8,30,8,1980,11,False,0,False,False,False,False,False,OK
2025-08-26,10,21,20,1989,15,False,0,False,False,False,False,False,OK
2025-08-27,5,19,9,1988,19,False,0,False,False,False,False,False,OK
2025-08-28,8,33,6,1984,17,False,0,False,False,False,False,False,OK
2025-08-29,0,32,0,1990,0,True,5,True,False,False,False,False,Imputed date; Imputed values
2025-08-30,0,31,0,1997,0,True,5,True,False,False,False,False,Imputed date; Imputed values
2025-08-31,0,30,0,2004,0,True,5,True,False,False,False,False,Imputed date; Imputed values
2025-09-01,10,29,17,2010,5,False,0,False,False,False,False,False,OK
2025-09-02,6,35,9,2020,9,False,0,False,False,False,False,False,OK
2025-09-03,4,29,11,2019,10,False,0,False,False,False,False,False,OK
2025-09-04,11,40,2,2015,14,False,0,False,False,False,False,False,OK
2025-09-05,0,33,0,2019,0,True,5,True,False,False,False,False,Imputed date; Imputed values
2025-09-06,0,26,0,2022,0,True,5,True,False,False,False,False,Imputed date; Imputed values
2025-09-07,4,19,9,2026,7,False,0,False,False,False,False,False,OK
2025-09-08,7,25,5,2025,6,False,0,False,False,False,False,False,OK
2025-09-09,18,42,11,2023,14,False,0,False,False,False,False,False,OK
2025-09-10,10,47,14,2025,18,False,0,False,False,False,False,False,OK
2025-09-11,12,38,29,2047,6,False,0,False,False,False,False,False,OK
2025-09-12,0,38,0,2059,0,True,5,True,False,False,False,False,Imputed date; Imputed values
2025-09-13,0,39,0,2071,0,True,5,True,False,False,False,False,Imputed date; Imputed values
2025-09-14,7,39,13,2083,5,False,0,False,False,False,False,False,OK
2025-09-15,9,47,10,2086,10,False,0,False,False,False,False,False,OK
2025-09-16,7,28,17,2095,12,False,0,False,False,False,False,False,OK
2025-09-17,7,38,5,2096,13,False,0,False,False,False,False,False,OK
2025-09-18,20,52,11,2096,14,False,0,False,False,False,False,False,OK
2025-09-19,0,46,0,2109,0,True,5,True,False,False,False,False,Imputed date; Imputed values
2025-09-20,0,41,0,2121,0,True,5,True,False,False,False,False,Imputed date; Imputed values
2025-09-21,8,35,13,2134,5,False,0,False,False,False,False,False,OK
2025-09-22,17,40,14,2141,10,False,0,False,False,False,False,False,OK
2025-09-23,11,36,10,2145,15,False,0,False,False,False,False,False,OK
2025-09-24,3,38,12,2138,17,False,0,False,False,False,False,False,OK
2025-09-25,6,35,12,2132,18,False,0,False,False,False,False,False,OK
2025-09-26,0,33,0,2137,0,True,5,True,False,False,False,False,Imputed date; Imputed values
2025-09-27,0,31,0,2141,0,True,5,True,False,False,False,False,Imputed date; Imputed values
2025-09-28,11,29,12,2146,9,False,0,False,False,False,False,False,OK
2025-09-29,8,35,12,2148,13,False,0,False,False,False,False,False,OK
2025-09-30,8,32,12,2159,7,False,0,False,False,False,False,False,OK
2025-10-01,4,33,12,2163,14,False,0,False,False,False,False,False,OK
2025-10-02,20,51,15,2164,16,False,0,False,False,False,False,False,OK
2025-10-03,0,43,0,2169,0,True,5,True,False,False,False,False,Imputed date; Imputed values
2025-10-04,0,36,0,2175,0,True,5,True,False,False,False,False,Imputed date; Imputed values
2025-10-05,8,28,13,2180,16,False,0,False,False,False,False,False,OK
2025-10-06,5,33,15,2187,10,False,0,False,False,False,False,False,OK
2025-10-07,11,45,4,2189,10,False,0,False,False,False,False,False,OK
2025-10-08,8,49,15,2192,17,False,0,False,False,False,False,False,OK
2025-10-09,11,55,13,2192,12,False,0,False,False,False,False,False,OK
2025-10-10,0,47,0,2200,0,True,5,True,False,False,False,False,Imputed date; Imputed values
2025-10-11,0,40,0,2208,0,True,5,True,False,False,False,False,Imputed date; Imputed values
2025-10-12,0,32,0,2215,0,True,5,True,False,False,False,False,Imputed date; Imputed values
2025-10-13,8,24,7,2223,6,False,0,False,False,False,False,False,OK
2025-10-14,7,30,16,2235,8,False,0,False,False,False,False,False,OK
2025-10-15,8,29,10,2225,15,False,0,False,False,False,False,False,OK
2025-10-16,9,33,15,2233,9,False,0,False,False,False,False,False,OK
2025-10-17,0,33,0,2234,0,True,5,True,False,False,False,False,Imputed date; Imputed values
2025-10-18,0,34,0,2236,0,True,5,True,False,False,False,False,Imputed date; Imputed values
2025-10-19,9,34,17,2237,7,False,0,False,False,False,False,False,OK
2025-10-20,10,39,6,2243,7,False,0,False,False,False,False,False,OK
2025-10-21,13,39,17,2251,9,False,0,False,False,False,False,False,OK
2025-10-22,12,42,13,2261,12,False,0,False,False,False,False,False,OK
2025-10-23,4,27,26,2266,18,False,0,False,False,False,False,False,OK
2025-10-24,0,30,0,2269,0,True,5,True,False,False,False,False,Imputed date; Imputed values
2025-10-25,0,32,0,2273,0,True,5,True,False,False,False,False,Imputed date; Imputed values
2025-10-26,4,35,12,2276,10,False,0,False,False,False,False,False,OK
2025-10-27,2,31,8,2282,11,False,0,False,False,False,False,False,OK
2025-10-28,6,22,11,2286,6,False,0,False,False,False,False,False,OK
2025-10-29,6,25,4,2280,17,False,0,False,False,False,False,False,OK
2025-10-30,3,17,14,2287,12,False,0,False,False,False,False,False,OK
2025-10-31,0,18,0,2284,0,True,5,True,False,False,False,False,Imputed date; Imputed values
2025-11-01,0,20,0,2280,0,True,5,True,False,False,False,False,Imputed date; Imputed values
2025-11-02,5,21,10,2277,7,False,0,False,False,False,False,False,OK
2025-11-03,3,28,5,2269,12,False,0,False,False,False,False,False,OK
2025-11-04,6,33,6,2270,8,False,0,False,False,False,False,False,OK
2025-11-05,8,41,8,2272,7,False,0,False,False,False,False,False,OK
2025-11-06,6,33,9,2264,19,False,0,False,False,False,False,False,OK
2025-11-07,0,33,0,2274,0,True,5,True,False,False,False,False,Imputed date; Imputed values
2025-11-08,0,33,0,2284,0,True,5,True,False,False,False,False,Imputed date; Imputed values
2025-11-09,11,33,5,2294,4,False,0,False,False,False,False,False,OK
2025-11-10,0,36,0,2294,0,True,5,True,False,False,False,False,Imputed date; Imputed values
2025-11-11,11,39,12,2294,14,False,0,False,False,False,False,False,OK
2025-11-12,14,48,20,2302,7,False,0,False,False,False,False,False,OK
2025-11-13,6,26,16,2317,5,False,0,False,False,False,False,False,OK
2025-11-14,0,25,0,2325,0,True,5,True,False,False,False,False,Imputed date; Imputed values
2025-11-15,0,23,0,2332,0,True,5,True,False,False,False,False,Imputed date; Imputed values
2025-11-16,5,22,3,2340,5,False,0,False,False,False,False,False,OK
2025-11-17,1,35,6,2343,8,False,0,False,False,False,False,False,OK
2025-11-18,2,38,8,2345,12,False,0,False,False,False,False,False,OK
2025-11-19,7,32,3,2340,10,False,0,False,False,False,False,False,OK
2025-11-20,18,57,8,2340,9,False,0,False,False,False,False,False,OK
2025-11-21,0,53,0,2352,0,True,5,True,False,False,False,False,Imputed date; Imputed values
2025-11-22,0,50,0,2363,0,True,5,True,False,False,False,False,Imputed date; Imputed values
2025-11-23,3,46,22,2375,1,False,0,False,False,False,False,False,OK
2025-11-24,9,40,9,2371,13,False,0,False,False,False,False,False,OK
2025-11-25,6,47,14,2375,11,False,0,False,False,False,False,False,OK
2025-11-26,0,36,0,2382,0,True,5,True,False,False,False,False,Imputed date; Imputed values
2025-11-27,4,24,8,2389,7,False,0,False,False,False,False,False,OK
2025-11-28,0,22,0,2398,0,True,5,True,False,False,False,False,Imputed date; Imputed values
2025-11-29,0,20,0,2406,0,True,5,True,False,False,False,False,Imputed date; Imputed values
2025-11-30,4,18,10,2415,0,False,0,False,False,False,False,False,OK
2025-12-01,4,26,4,2410,9,False,0,False,False,False,False,False,OK
2025-12-02,7,34,6,2407,8,False,0,False,False,False,False,False,OK
2025-12-03,4,32,8,2419,7,False,0,False,False,False,False,False,OK
2025-12-04,16,39,7,2418,13,False,0,False,False,False,False,False,OK
2025-12-05,0,34,0,2422,0,True,5,True,False,False,False,False,Imputed date; Imputed values
2025-12-06,0,29,0,2425,0,True,5,True,False,False,False,False,Imputed date; Imputed values
2025-12-07,4,24,13,2429,12,False,0,False,False,False,False,False,OK
2025-12-08,9,27,9,2440,4,False,0,False,False,False,False,False,OK
2025-12-09,4,30,7,2443,8,False,0,False,False,False,False,False,OK
2025-12-10,10,54,5,2439,9,False,0,False,False,False,False,False,OK
2025-12-11,7,47,9,2437,10,False,0,False,False,False,False,False,OK
2025-12-12,0,43,0,2445,0,True,5,True,False,False,False,False,Imputed date; Imputed values
2025-12-13,0,39,0,2454,0,True,5,True,False,False,False,False,Imputed date; Imputed values
2025-12-14,8,35,4,2462,8,False,0,False,False,False,False,False,OK
2025-12-15,11,42,9,2470,7,False,0,False,False,False,False,False,OK
2025-12-16,8,54,15,2468,9,False,0,False,False,False,False,False,OK
2025-12-17,7,31,11,2481,10,False,0,False,False,False,False,False,OK
2025-12-18,11,50,6,2472,16,False,0,False,False,False,False,False,OK
2025-12-19,0,39,0,2476,0,True,5,True,False,False,False,False,Imputed date; Imputed values
2025-12-20,0,29,0,2480,0,True,5,True,False,False,False,False,Imputed date; Imputed values
2025-12-21,6,18,11,2484,14,False,0,False,False,False,False,False,OK
