forecast_origin_date,target_date,model_name,actual,predicted,residual,absolute_error,day_of_week,month,forecast_load_band,net_intake_magnitude,backlog_state,capacity_utilization_band,anomaly_status,imputation_status,pressure_regime
2025-05-15,2025-05-22,validation_weighted_ensemble,2509.0,2492.1358373867906,16.864162613209373,16.864162613209373,Thursday,May,high,low,False,normal,normal,observed,normal
2025-05-16,2025-05-23,validation_weighted_ensemble,2513.0,2501.0365459753452,11.963454024654766,11.963454024654766,Friday,May,high,low,False,normal,normal,imputed,normal
2025-05-17,2025-05-24,validation_weighted_ensemble,2516.0,2510.236545975345,5.763454024654948,5.763454024654948,Saturday,May,high,low,False,normal,normal,imputed,normal
2025-05-18,2025-05-25,validation_weighted_ensemble,2521.0,2518.836545975345,2.1634540246550387,2.1634540246550387,Sunday,May,high,low,True,normal,normal,observed,high_pressure
2025-05-19,2025-05-26,validation_weighted_ensemble,2524.0,2536.0252917394946,-12.025291739494605,12.025291739494605,Monday,May,high,moderate,True,normal,normal,observed,high_pressure
2025-05-20,2025-05-27,validation_weighted_ensemble,2528.0,2574.4528646235567,-46.45286462355671,46.45286462355671,Tuesday,May,high,low,False,normal,normal,imputed,normal
2025-05-21,2025-05-28,validation_weighted_ensemble,2538.0,2611.4611840520533,-73.46118405205334,73.46118405205334,Wednesday,May,high,low,False,normal,normal,observed,normal
2025-05-22,2025-05-29,validation_weighted_ensemble,2544.0,2567.233611167991,-23.233611167991057,23.233611167991057,Thursday,May,high,low,True,normal,normal,observed,high_pressure
2025-05-23,2025-05-30,validation_weighted_ensemble,2546.0,2570.1277301023065,-24.127730102306487,24.127730102306487,Friday,May,high,low,False,normal,normal,imputed,normal
2025-05-24,2025-05-31,validation_weighted_ensemble,2550.0,2570.1277301023065,-20.127730102306487,20.127730102306487,Saturday,May,high,low,False,normal,normal,imputed,normal
2025-05-25,2025-06-01,validation_weighted_ensemble,2552.0,2573.3277301023068,-21.32773010230676,21.32773010230676,Sunday,May,high,low,False,normal,normal,imputed,normal
2025-05-26,2025-06-02,validation_weighted_ensemble,2537.0,2566.727730102307,-29.72773010230685,29.72773010230685,Monday,May,high,low,False,normal,normal,imputed,normal
2025-05-27,2025-06-03,validation_weighted_ensemble,2542.0,2559.9277301023067,-17.92773010230667,17.92773010230667,Tuesday,May,high,low,False,normal,normal,observed,normal
2025-05-28,2025-06-04,validation_weighted_ensemble,2532.0,2562.0816340225574,-30.08163402255741,30.08163402255741,Wednesday,May,high,low,False,normal,normal,observed,normal
2025-05-29,2025-06-05,validation_weighted_ensemble,2529.0,2583.727730102307,-54.72773010230685,54.72773010230685,Thursday,May,high,low,True,normal,normal,observed,high_pressure
2025-05-30,2025-06-06,validation_weighted_ensemble,2527.0,2583.776890122751,-56.776890122750956,56.776890122750956,Friday,May,high,low,False,normal,normal,imputed,normal
2025-05-31,2025-06-07,validation_weighted_ensemble,2525.0,2589.1277301023065,-64.12773010230649,64.12773010230649,Saturday,May,high,low,False,normal,normal,imputed,normal
2025-06-01,2025-06-08,validation_weighted_ensemble,2523.0,2590.545120622848,-67.54512062284812,67.54512062284812,Sunday,June,high,low,True,normal,normal,observed,high_pressure
2025-06-02,2025-06-09,validation_weighted_ensemble,2537.0,2561.294242783645,-24.29424278364513,24.29424278364513,Monday,June,high,moderate,False,normal,normal,observed,normal
2025-06-03,2025-06-10,validation_weighted_ensemble,2539.0,2567.6450827632007,-28.645082763200662,28.645082763200662,Tuesday,June,high,low,False,normal,normal,observed,normal
2025-06-04,2025-06-11,validation_weighted_ensemble,2540.0,2543.084499352951,-3.084499352950843,3.084499352950843,Wednesday,June,high,low,False,normal,normal,observed,normal
2025-06-05,2025-06-12,validation_weighted_ensemble,2541.0,2529.930332045503,11.069667954497163,11.069667954497163,Thursday,June,high,moderate,False,normal,normal,observed,normal
2025-06-06,2025-06-13,validation_weighted_ensemble,2542.0,2527.581476977226,14.418523022774025,14.418523022774025,Friday,June,high,low,False,normal,normal,imputed,normal
2025-06-07,2025-06-14,validation_weighted_ensemble,2544.0,2521.766493291769,22.233506708230834,22.233506708230834,Saturday,June,high,low,False,normal,normal,imputed,normal
2025-06-08,2025-06-15,validation_weighted_ensemble,2545.0,2517.366493291769,27.633506708230925,27.633506708230925,Sunday,June,high,low,True,normal,normal,observed,high_pressure
2025-06-09,2025-06-16,validation_weighted_ensemble,2546.0,2553.5095241191348,-7.509524119134767,7.509524119134767,Monday,June,high,low,True,normal,normal,observed,high_pressure
2025-06-10,2025-06-17,validation_weighted_ensemble,2547.0,2552.256842604439,-5.2568426044390435,5.2568426044390435,Tuesday,June,high,low,False,normal,normal,observed,normal
2025-06-11,2025-06-18,validation_weighted_ensemble,2534.0,2564.2572469383795,-30.257246938379467,30.257246938379467,Wednesday,June,high,low,False,normal,normal,imputed,normal
2025-06-12,2025-06-19,validation_weighted_ensemble,2520.0,2570.6903493409823,-50.690349340982266,50.690349340982266,Thursday,June,high,low,False,normal,normal,imputed,normal
2025-06-13,2025-06-20,validation_weighted_ensemble,2520.0,2574.436567623513,-54.43656762351293,54.43656762351293,Friday,June,high,low,False,normal,normal,imputed,normal
2025-06-14,2025-06-21,validation_weighted_ensemble,2521.0,2583.0841225822837,-62.084122582283726,62.084122582283726,Saturday,June,high,low,False,normal,normal,imputed,normal
2025-06-15,2025-06-22,validation_weighted_ensemble,2521.0,2585.884122582284,-64.88412258228391,64.88412258228391,Sunday,June,high,low,False,normal,normal,imputed,normal
2025-06-16,2025-06-23,validation_weighted_ensemble,2510.0,2576.3840847226365,-66.38408472263654,66.38408472263654,Monday,June,high,low,False,normal,normal,imputed,normal
2025-06-17,2025-06-24,validation_weighted_ensemble,2509.0,2576.784084722636,-67.78408472263618,67.78408472263618,Tuesday,June,high,low,False,normal,normal,observed,normal
2025-06-18,2025-06-25,validation_weighted_ensemble,2482.0,2543.871822032873,-61.87182203287284,61.87182203287284,Wednesday,June,high,low,False,normal,normal,imputed,normal
2025-06-19,2025-06-26,validation_weighted_ensemble,2456.0,2516.385422772495,-60.385422772495076,60.385422772495076,Thursday,June,high,moderate,False,normal,normal,observed,normal
2025-06-20,2025-06-27,validation_weighted_ensemble,2448.0,2515.7854227724947,-67.78542277249471,67.78542277249471,Friday,June,high,low,False,normal,normal,imputed,normal
2025-06-21,2025-06-28,validation_weighted_ensemble,2438.0,2516.185422772495,-78.1854227724948,78.1854227724948,Saturday,June,high,low,False,normal,normal,imputed,normal
2025-06-22,2025-06-29,validation_weighted_ensemble,2430.0,2515.585422772495,-85.5854227724949,85.5854227724949,Sunday,June,high,low,False,normal,normal,observed,normal
2025-06-23,2025-06-30,validation_weighted_ensemble,2429.0,2497.385422772495,-68.38542277249508,68.38542277249508,Monday,June,high,moderate,False,normal,normal,observed,normal
2025-06-24,2025-07-01,validation_weighted_ensemble,2405.0,2497.503646719702,-92.50364671970192,92.50364671970192,Tuesday,June,high,moderate,False,normal,normal,observed,normal
2025-06-25,2025-07-02,validation_weighted_ensemble,2393.0,2458.5056246138447,-65.5056246138447,65.5056246138447,Wednesday,June,high,moderate,False,normal,normal,observed,normal
2025-06-26,2025-07-03,validation_weighted_ensemble,2382.0,2421.629368958711,-39.629368958710984,39.629368958710984,Thursday,June,high,moderate,False,normal,normal,observed,normal
2025-06-27,2025-07-04,validation_weighted_ensemble,2370.0,2401.526204845826,-31.526204845826214,31.526204845826214,Friday,June,medium,low,False,normal,normal,imputed,normal
2025-06-28,2025-07-05,validation_weighted_ensemble,2360.0,2383.3724243782367,-23.3724243782367,23.3724243782367,Saturday,June,medium,low,False,normal,normal,imputed,normal
2025-06-29,2025-07-06,validation_weighted_ensemble,2349.0,2360.5937755782206,-11.59377557822063,11.59377557822063,Sunday,June,medium,moderate,False,normal,normal,observed,normal
2025-06-30,2025-07-07,validation_weighted_ensemble,2335.0,2377.126204845826,-42.12620484582612,42.12620484582612,Monday,June,medium,low,False,normal,normal,observed,normal
2025-07-01,2025-07-08,validation_weighted_ensemble,2322.0,2328.0458015306485,-6.045801530648532,6.045801530648532,Tuesday,July,medium,moderate,False,normal,normal,observed,normal
2025-07-02,2025-07-09,validation_weighted_ensemble,2299.0,2331.8994257747363,-32.8994257747363,32.8994257747363,Wednesday,July,medium,moderate,False,normal,normal,observed,normal
2025-07-03,2025-07-10,validation_weighted_ensemble,2264.0,2341.4318550423413,-77.43185504234134,77.43185504234134,Thursday,July,medium,low,False,normal,normal,imputed,normal
2025-07-04,2025-07-11,validation_weighted_ensemble,2248.0,2327.0318550423417,-79.0318550423417,79.0318550423417,Friday,July,medium,low,False,normal,normal,imputed,normal
2025-07-05,2025-07-12,validation_weighted_ensemble,2233.0,2317.0318550423417,-84.0318550423417,84.0318550423417,Saturday,July,medium,low,False,normal,normal,imputed,normal
2025-07-06,2025-07-13,validation_weighted_ensemble,2217.0,2304.2318550423415,-87.23185504234152,87.23185504234152,Sunday,July,medium,low,False,normal,normal,observed,normal
2025-07-07,2025-07-14,validation_weighted_ensemble,2190.0,2264.0458015306485,-74.04580153064853,74.04580153064853,Monday,July,medium,moderate,False,normal,normal,observed,normal
2025-07-08,2025-07-15,validation_weighted_ensemble,2179.0,2274.478074574752,-95.4780745747521,95.4780745747521,Tuesday,July,medium,moderate,False,normal,normal,observed,normal
2025-07-09,2025-07-16,validation_weighted_ensemble,2173.0,2228.0458015306485,-55.04580153064853,55.04580153064853,Wednesday,July,medium,moderate,False,normal,normal,observed,normal
2025-07-10,2025-07-17,validation_weighted_ensemble,2169.0,2175.3887530652414,-6.388753065241417,6.388753065241417,Thursday,July,low,moderate,False,normal,normal,observed,normal
2025-07-11,2025-07-18,validation_weighted_ensemble,2161.0,2156.9887530652413,4.011246934758674,4.011246934758674,Friday,July,low,low,False,normal,normal,imputed,normal
2025-07-12,2025-07-19,validation_weighted_ensemble,2154.0,2138.2964633525507,15.703536647449255,15.703536647449255,Saturday,July,low,low,False,normal,normal,imputed,normal
2025-07-13,2025-07-20,validation_weighted_ensemble,2147.0,2117.0828123552765,29.917187644723526,29.917187644723526,Sunday,July,low,low,False,normal,normal,observed,normal
2025-07-14,2025-07-21,validation_weighted_ensemble,2139.0,2075.8334144929927,63.16658550700731,63.16658550700731,Monday,July,low,moderate,False,normal,normal,observed,normal
2025-07-15,2025-07-22,validation_weighted_ensemble,2130.0,2066.033414492993,63.96658550700704,63.96658550700704,Tuesday,July,low,moderate,False,normal,normal,observed,normal
2025-07-16,2025-07-23,validation_weighted_ensemble,2132.0,2078.8964633525507,53.103536647449346,53.103536647449346,Wednesday,July,low,moderate,False,normal,normal,observed,normal
2025-07-17,2025-07-24,validation_weighted_ensemble,2114.0,2097.6612070281535,16.338792971846487,16.338792971846487,Thursday,July,low,moderate,False,normal,normal,observed,normal
2025-07-18,2025-07-25,validation_weighted_ensemble,2109.0,2112.2610984798125,-3.2610984798125173,3.2610984798125173,Friday,July,low,low,False,normal,normal,imputed,normal
2025-07-19,2025-07-26,validation_weighted_ensemble,2105.0,2112.6169035262265,-7.6169035262264515,7.6169035262264515,Saturday,July,low,low,False,normal,normal,imputed,normal
2025-07-20,2025-07-27,validation_weighted_ensemble,2100.0,2115.0661580133556,-15.066158013355562,15.066158013355562,Sunday,July,low,low,False,normal,normal,imputed,normal
2025-07-21,2025-07-28,validation_weighted_ensemble,2089.0,2125.6144776396495,-36.61447763964952,36.61447763964952,Monday,July,low,low,False,normal,normal,observed,normal
2025-07-22,2025-07-29,validation_weighted_ensemble,2080.0,2117.8144776396493,-37.81447763964934,37.81447763964934,Tuesday,July,low,moderate,False,normal,normal,observed,normal
2025-07-23,2025-07-30,validation_weighted_ensemble,2078.0,2128.331816627834,-50.33181662783409,50.33181662783409,Wednesday,July,low,low,False,normal,normal,observed,normal
2025-07-24,2025-07-31,validation_weighted_ensemble,2067.0,2098.3337945219773,-31.333794521977325,31.333794521977325,Thursday,July,low,moderate,False,normal,normal,observed,normal
2025-07-25,2025-08-01,validation_weighted_ensemble,2070.0,2094.688750046833,-24.688750046832865,24.688750046832865,Friday,July,low,low,False,normal,normal,imputed,normal
2025-07-26,2025-08-02,validation_weighted_ensemble,2072.0,2092.4887500468326,-20.488750046832592,20.488750046832592,Saturday,July,low,low,False,normal,normal,imputed,normal
2025-07-27,2025-08-03,validation_weighted_ensemble,2075.0,2088.6887500468324,-13.68875004683241,13.68875004683241,Sunday,July,low,low,False,normal,normal,observed,normal
2025-07-28,2025-08-04,validation_weighted_ensemble,2062.0,2075.8887500468327,-13.888750046832683,13.888750046832683,Monday,July,low,moderate,False,normal,normal,observed,normal
2025-07-29,2025-08-05,validation_weighted_ensemble,2063.0,2066.8887500468327,-3.8887500468326834,3.8887500468326834,Tuesday,July,low,low,False,normal,normal,observed,normal
2025-07-30,2025-08-06,validation_weighted_ensemble,2053.0,2062.60806692916,-9.608066929160032,9.608066929160032,Wednesday,July,low,moderate,False,normal,normal,observed,normal
2025-07-31,2025-08-07,validation_weighted_ensemble,2049.0,2055.6887500468324,-6.688750046832411,6.688750046832411,Thursday,July,low,low,False,normal,normal,observed,normal
2025-08-01,2025-08-08,validation_weighted_ensemble,2041.0,2060.498708679377,-19.49870867937716,19.49870867937716,Friday,August,low,low,False,normal,normal,imputed,normal
2025-08-02,2025-08-09,validation_weighted_ensemble,2032.0,2066.098708679377,-34.09870867937707,34.09870867937707,Saturday,August,low,low,False,normal,normal,imputed,normal
2025-08-03,2025-08-10,validation_weighted_ensemble,2024.0,2073.74097500635,-49.7409750063498,49.7409750063498,Sunday,August,low,low,False,normal,normal,observed,normal
2025-08-04,2025-08-11,validation_weighted_ensemble,2022.0,2059.7559586918064,-37.75595869180643,37.75595869180643,Monday,August,low,low,False,normal,normal,observed,normal
2025-08-05,2025-08-12,validation_weighted_ensemble,2037.0,2066.54097500635,-29.54097500634998,29.54097500634998,Tuesday,August,low,low,False,normal,normal,observed,normal
2025-08-06,2025-08-13,validation_weighted_ensemble,2019.0,2049.913503533449,-30.913503533448875,30.913503533448875,Wednesday,August,low,low,False,normal,normal,observed,normal
2025-08-07,2025-08-14,validation_weighted_ensemble,2021.0,2052.0602918886775,-31.06029188867751,31.06029188867751,Thursday,August,low,moderate,False,normal,normal,observed,normal
2025-08-08,2025-08-15,validation_weighted_ensemble,2016.0,2035.3941866511213,-19.394186651121345,19.394186651121345,Friday,August,low,low,False,normal,normal,imputed,normal
2025-08-09,2025-08-16,validation_weighted_ensemble,2010.0,2019.7941866511214,-9.794186651121436,9.794186651121436,Saturday,August,low,low,False,normal,normal,imputed,normal
2025-08-10,2025-08-17,validation_weighted_ensemble,2005.0,2001.7538982182914,3.246101781708603,3.246101781708603,Sunday,August,low,low,False,normal,normal,observed,normal
2025-08-11,2025-08-18,validation_weighted_ensemble,2005.0,2010.0712372064763,-5.071237206476326,5.071237206476326,Monday,August,low,moderate,False,normal,normal,observed,normal
2025-08-12,2025-08-19,validation_weighted_ensemble,2015.0,2033.3519203241485,-18.351920324148523,18.351920324148523,Tuesday,August,low,low,False,normal,normal,observed,normal
2025-08-13,2025-08-20,validation_weighted_ensemble,2021.0,2010.6091703365778,10.39082966342221,10.39082966342221,Wednesday,August,low,low,False,normal,normal,observed,normal
2025-08-14,2025-08-21,validation_weighted_ensemble,2021.0,2015.9941866511213,5.005813348878746,5.005813348878746,Thursday,August,low,low,False,normal,normal,observed,normal
2025-08-15,2025-08-22,validation_weighted_ensemble,2015.0,2013.0091703365779,1.9908296634221188,1.9908296634221188,Friday,August,low,low,False,normal,normal,imputed,normal
2025-08-16,2025-08-23,validation_weighted_ensemble,2008.0,2008.5941866511214,-0.5941866511213902,0.5941866511213902,Saturday,August,low,low,False,normal,normal,imputed,normal
2025-08-17,2025-08-24,validation_weighted_ensemble,2002.0,2005.3941866511213,-3.3941866511213448,3.3941866511213448,Sunday,August,low,low,False,normal,normal,observed,normal
2025-08-18,2025-08-25,validation_weighted_ensemble,2010.0,2006.5941866511214,3.4058133488786098,3.4058133488786098,Monday,August,low,low,False,normal,normal,observed,normal
2025-08-19,2025-08-26,validation_weighted_ensemble,2010.0,2013.5941866511214,-3.5941866511213902,3.5941866511213902,Tuesday,August,low,low,False,normal,normal,observed,normal
2025-08-20,2025-08-27,validation_weighted_ensemble,2007.0,2046.0010437912708,-39.00104379127083,39.00104379127083,Wednesday,August,low,low,False,normal,normal,observed,normal
2025-08-21,2025-08-28,validation_weighted_ensemble,2017.0,2044.9203606735982,-27.920360673598225,27.920360673598225,Thursday,August,low,moderate,False,normal,normal,observed,normal
2025-08-22,2025-08-29,validation_weighted_ensemble,2022.0,2030.2893403853473,-8.28934038534726,8.28934038534726,Friday,August,low,low,False,normal,normal,imputed,normal
2025-08-23,2025-08-30,validation_weighted_ensemble,2028.0,2022.559239772754,5.4407602272460736,5.4407602272460736,Saturday,August,low,low,False,normal,normal,imputed,normal
2025-08-24,2025-08-31,validation_weighted_ensemble,2034.0,2015.9592397727538,18.04076022724621,18.04076022724621,Sunday,August,low,low,False,normal,normal,observed,normal
2025-08-25,2025-09-01,validation_weighted_ensemble,2039.0,2039.0276793835533,-0.027679383553277148,0.027679383553277148,Monday,August,low,low,False,normal,normal,observed,normal
2025-08-26,2025-09-02,validation_weighted_ensemble,2055.0,2021.7304003792465,33.269599620753525,33.269599620753525,Tuesday,August,low,low,True,normal,normal,observed,high_pressure
2025-08-27,2025-09-03,validation_weighted_ensemble,2048.0,2012.2608597823487,35.73914021765131,35.73914021765131,Wednesday,August,low,low,False,normal,normal,observed,normal
2025-08-28,2025-09-04,validation_weighted_ensemble,2055.0,2030.1442560872974,24.855743912702565,24.855743912702565,Thursday,August,low,moderate,False,normal,normal,observed,normal
2025-08-29,2025-09-05,validation_weighted_ensemble,2052.0,2050.350070555968,1.6499294440318408,1.6499294440318408,Friday,August,low,low,False,normal,normal,imputed,normal
2025-08-30,2025-09-06,validation_weighted_ensemble,2048.0,2066.6351247301595,-18.635124730159532,18.635124730159532,Saturday,August,low,low,False,normal,normal,imputed,normal
2025-08-31,2025-09-07,validation_weighted_ensemble,2045.0,2079.8351247301594,-34.83512473015935,34.83512473015935,Sunday,August,low,low,False,normal,normal,imputed,normal
2025-09-01,2025-09-08,validation_weighted_ensemble,2050.0,2083.0351247301596,-33.03512473015962,33.03512473015962,Monday,September,low,moderate,True,normal,normal,observed,high_pressure
2025-09-02,2025-09-09,validation_weighted_ensemble,2065.0,2107.8842847506044,-42.884284750604365,42.884284750604365,Tuesday,September,low,low,False,normal,normal,observed,normal
2025-09-03,2025-09-10,validation_weighted_ensemble,2072.0,2097.6000561250435,-25.600056125043466,25.600056125043466,Wednesday,September,low,low,True,normal,normal,observed,high_pressure
2025-09-04,2025-09-11,validation_weighted_ensemble,2085.0,2102.8000561250437,-17.80005612504374,17.80005612504374,Thursday,September,low,moderate,False,normal,normal,observed,normal
2025-09-05,2025-09-12,validation_weighted_ensemble,2097.0,2095.0000561250436,1.9999438749564433,1.9999438749564433,Friday,September,low,low,False,normal,normal,imputed,normal
2025-09-06,2025-09-13,validation_weighted_ensemble,2110.0,2085.0000561250436,24.999943874956443,24.999943874956443,Saturday,September,low,low,False,normal,normal,imputed,normal
2025-09-07,2025-09-14,validation_weighted_ensemble,2122.0,2074.1150019508523,47.884998049147725,47.884998049147725,Sunday,September,low,low,True,normal,normal,observed,high_pressure
2025-09-08,2025-09-15,validation_weighted_ensemble,2133.0,2078.900018265396,54.09998173460417,54.09998173460417,Monday,September,low,low,False,normal,normal,observed,normal
2025-09-09,2025-09-16,validation_weighted_ensemble,2123.0,2093.300018265396,29.69998173460408,29.69998173460408,Tuesday,September,low,low,False,normal,normal,observed,normal
2025-09-10,2025-09-17,validation_weighted_ensemble,2134.0,2113.0351247301596,20.964875269840377,20.964875269840377,Wednesday,September,low,low,False,normal,normal,observed,normal
2025-09-11,2025-09-18,validation_weighted_ensemble,2148.0,2128.0000561250436,19.999943874956443,19.999943874956443,Thursday,September,low,moderate,True,normal,normal,observed,high_pressure
2025-09-12,2025-09-19,validation_weighted_ensemble,2155.0,2148.2492161454884,6.75078385451161,6.75078385451161,Friday,September,low,low,False,normal,normal,imputed,normal
2025-09-13,2025-09-20,validation_weighted_ensemble,2162.0,2172.2000561250434,-10.200056125043375,10.200056125043375,Saturday,September,low,low,False,normal,normal,imputed,normal
2025-09-14,2025-09-21,validation_weighted_ensemble,2169.0,2193.2000561250434,-24.200056125043375,24.200056125043375,Sunday,September,low,low,True,normal,normal,observed,high_pressure
2025-09-15,2025-09-22,validation_weighted_ensemble,2181.0,2209.076789029551,-28.076789029551037,28.076789029551037,Monday,September,medium,low,False,normal,normal,observed,normal
2025-09-16,2025-09-23,validation_weighted_ensemble,2181.0,2183.250187516044,-2.250187516044207,2.250187516044207,Tuesday,September,low,low,True,normal,normal,observed,high_pressure
2025-09-17,2025-09-24,validation_weighted_ensemble,2176.0,2194.2292032628684,-18.229203262868396,18.229203262868396,Wednesday,September,low,low,False,normal,normal,observed,normal
2025-09-18,2025-09-25,validation_weighted_ensemble,2167.0,2211.250187516044,-44.25018751604421,44.25018751604421,Thursday,September,medium,low,False,normal,normal,observed,normal
2025-09-19,2025-09-26,validation_weighted_ensemble,2170.0,2214.8000561250437,-44.80005612504374,44.80005612504374,Friday,September,medium,low,False,normal,normal,imputed,normal
2025-09-20,2025-09-27,validation_weighted_ensemble,2172.0,2218.2000561250434,-46.200056125043375,46.200056125043375,Saturday,September,medium,low,False,normal,normal,imputed,normal
2025-09-21,2025-09-28,validation_weighted_ensemble,2175.0,2222.2000561250434,-47.200056125043375,47.200056125043375,Sunday,September,medium,low,True,normal,normal,observed,high_pressure
2025-09-22,2025-09-29,validation_weighted_ensemble,2183.0,2234.049216145488,-51.04921614548812,51.04921614548812,Monday,September,medium,low,True,normal,normal,observed,high_pressure
2025-09-23,2025-09-30,validation_weighted_ensemble,2191.0,2237.943572012255,-46.94357201225512,46.94357201225512,Tuesday,September,medium,low,False,normal,normal,observed,normal
2025-09-24,2025-10-01,validation_weighted_ensemble,2196.0,2221.688164647218,-25.688164647217945,25.688164647217945,Wednesday,September,medium,low,False,normal,normal,observed,normal
2025-09-25,2025-10-02,validation_weighted_ensemble,2215.0,2198.8881646472178,16.111835352782236,16.111835352782236,Thursday,September,medium,low,False,normal,normal,observed,normal
2025-09-26,2025-10-03,validation_weighted_ensemble,2212.0,2197.003110473027,14.996889526973064,14.996889526973064,Friday,September,low,low,False,normal,normal,imputed,normal
2025-09-27,2025-10-04,validation_weighted_ensemble,2211.0,2194.7401150331175,16.25988496688251,16.25988496688251,Saturday,September,low,low,False,normal,normal,imputed,normal
2025-09-28,2025-10-05,validation_weighted_ensemble,2208.0,2195.3401150331174,12.6598849668826,12.6598849668826,Sunday,September,low,low,True,normal,normal,observed,high_pressure
2025-09-29,2025-10-06,validation_weighted_ensemble,2220.0,2197.6175551632296,22.382444836770446,22.382444836770446,Monday,September,medium,low,False,normal,normal,observed,normal
2025-09-30,2025-10-07,validation_weighted_ensemble,2234.0,2213.7401150331175,20.25988496688251,20.25988496688251,Tuesday,September,medium,low,True,normal,normal,observed,high_pressure
2025-10-01,2025-10-08,validation_weighted_ensemble,2241.0,2226.394162908744,14.605837091256035,14.605837091256035,Wednesday,October,medium,low,False,normal,normal,observed,normal
2025-10-02,2025-10-09,validation_weighted_ensemble,2247.0,2262.9450028882993,-15.945002888299314,15.945002888299314,Thursday,October,medium,low,False,normal,normal,observed,normal
2025-10-03,2025-10-10,validation_weighted_ensemble,2247.0,2256.3450028882994,-9.345002888299405,9.345002888299405,Friday,October,medium,low,False,normal,normal,imputed,normal
2025-10-04,2025-10-11,validation_weighted_ensemble,2248.0,2253.5450028882997,-5.545002888299678,5.545002888299678,Saturday,October,medium,low,False,normal,normal,imputed,normal
2025-10-05,2025-10-12,validation_weighted_ensemble,2247.0,2246.9450028882993,0.05499711170068622,0.05499711170068622,Sunday,October,medium,low,False,normal,normal,observed,normal
2025-10-06,2025-10-13,validation_weighted_ensemble,2247.0,2261.3450028883,-14.34500288829986,14.34500288829986,Monday,October,medium,low,True,normal,normal,observed,high_pressure
2025-10-07,2025-10-14,validation_weighted_ensemble,2265.0,2278.194162908744,-13.194162908744147,13.194162908744147,Tuesday,October,medium,low,False,normal,normal,observed,normal
2025-10-08,2025-10-15,validation_weighted_ensemble,2254.0,2288.407998328209,-34.40799832820903,34.40799832820903,Wednesday,October,medium,low,False,normal,normal,observed,normal
2025-10-09,2025-10-16,validation_weighted_ensemble,2266.0,2283.727145235557,-17.727145235557145,17.727145235557145,Thursday,October,medium,low,True,normal,normal,observed,high_pressure
2025-10-10,2025-10-17,validation_weighted_ensemble,2267.0,2289.7758849782376,-22.775884978237627,22.775884978237627,Friday,October,medium,low,False,normal,normal,imputed,normal
2025-10-11,2025-10-18,validation_weighted_ensemble,2270.0,2293.0142456728017,-23.014245672801735,23.014245672801735,Saturday,October,medium,low,False,normal,normal,imputed,normal
2025-10-12,2025-10-19,validation_weighted_ensemble,2271.0,2295.3198898060346,-24.319889806034553,24.319889806034553,Sunday,October,medium,low,False,normal,normal,imputed,normal
2025-10-13,2025-10-20,validation_weighted_ensemble,2282.0,2288.1198898060347,-6.119889806034735,6.119889806034735,Monday,October,medium,low,True,normal,normal,observed,high_pressure
2025-10-14,2025-10-21,validation_weighted_ensemble,2290.0,2308.304906120578,-18.304906120577925,18.304906120577925,Tuesday,October,medium,low,True,normal,normal,observed,high_pressure
2025-10-15,2025-10-22,validation_weighted_ensemble,2303.0,2283.4839956522883,19.516004347711714,19.516004347711714,Wednesday,October,medium,low,False,normal,normal,observed,normal
2025-10-16,2025-10-23,validation_weighted_ensemble,2293.0,2302.3198898060346,-9.319889806034553,9.319889806034553,Thursday,October,medium,low,True,normal,normal,observed,high_pressure
2025-10-17,2025-10-24,validation_weighted_ensemble,2299.0,2303.1690498264797,-4.16904982647975,4.16904982647975,Friday,October,medium,low,False,normal,normal,imputed,normal
2025-10-18,2025-10-25,validation_weighted_ensemble,2305.0,2308.1198898060347,-3.1198898060347346,3.1198898060347346,Saturday,October,medium,low,False,normal,normal,imputed,normal
2025-10-19,2025-10-26,validation_weighted_ensemble,2311.0,2310.3198898060346,0.6801101939654473,0.6801101939654473,Sunday,October,medium,low,True,normal,normal,observed,high_pressure
2025-10-20,2025-10-27,validation_weighted_ensemble,2313.0,2327.1690498264797,-14.16904982647975,14.16904982647975,Monday,October,medium,low,False,normal,normal,observed,normal
2025-10-21,2025-10-28,validation_weighted_ensemble,2308.0,2329.9198898060345,-21.919889806034462,21.919889806034462,Tuesday,October,medium,low,True,normal,normal,observed,high_pressure
2025-10-22,2025-10-29,validation_weighted_ensemble,2305.0,2356.5690498264794,-51.569049826479386,51.569049826479386,Wednesday,October,medium,low,True,normal,normal,observed,high_pressure
2025-10-23,2025-10-30,validation_weighted_ensemble,2304.0,2336.4728578492213,-32.47285784922133,32.47285784922133,Thursday,October,medium,low,True,normal,normal,observed,high_pressure
2025-10-24,2025-10-31,validation_weighted_ensemble,2302.0,2342.81918121748,-40.819181217480036,40.819181217480036,Friday,October,medium,low,False,normal,normal,imputed,normal
2025-10-25,2025-11-01,validation_weighted_ensemble,2300.0,2351.3700211970354,-51.370021197035385,51.370021197035385,Saturday,October,medium,low,False,normal,normal,imputed,normal
2025-10-26,2025-11-02,validation_weighted_ensemble,2298.0,2360.3700211970354,-62.370021197035385,62.370021197035385,Sunday,October,medium,low,True,normal,normal,observed,high_pressure
2025-10-27,2025-11-03,validation_weighted_ensemble,2297.0,2356.5198898060344,-59.51988980603437,59.51988980603437,Monday,October,medium,low,False,normal,normal,observed,normal
2025-10-28,2025-11-04,validation_weighted_ensemble,2303.0,2343.7198898060346,-40.719889806034644,40.719889806034644,Tuesday,October,medium,low,True,normal,normal,observed,high_pressure
2025-10-29,2025-11-05,validation_weighted_ensemble,2313.0,2325.0972920764993,-12.097292076499343,12.097292076499343,Wednesday,October,medium,moderate,False,normal,normal,observed,normal
2025-10-30,2025-11-06,validation_weighted_ensemble,2297.0,2332.8198519463867,-35.819851946386734,35.819851946386734,Thursday,October,medium,low,True,normal,normal,observed,high_pressure
2025-10-31,2025-11-07,validation_weighted_ensemble,2307.0,2326.019851946387,-19.019851946387007,19.019851946387007,Friday,October,medium,low,False,normal,normal,imputed,normal
2025-11-01,2025-11-08,validation_weighted_ensemble,2317.0,2307.7877555756327,9.212244424367327,9.212244424367327,Saturday,November,medium,low,False,normal,normal,imputed,normal
2025-11-02,2025-11-09,validation_weighted_ensemble,2327.0,2300.9877555756325,26.01224442436751,26.01224442436751,Sunday,November,medium,low,True,normal,normal,observed,high_pressure
2025-11-03,2025-11-10,validation_weighted_ensemble,2330.0,2297.3331986641915,32.666801335808486,32.666801335808486,Monday,November,medium,low,False,normal,normal,observed,normal
2025-11-04,2025-11-11,validation_weighted_ensemble,2333.0,2311.002739261089,21.99726073891088,21.99726073891088,Tuesday,November,medium,low,False,normal,normal,observed,normal
2025-11-05,2025-11-12,validation_weighted_ensemble,2350.0,2340.3150019508525,9.684998049147453,9.684998049147453,Wednesday,November,medium,low,True,normal,normal,observed,high_pressure
2025-11-06,2025-11-13,validation_weighted_ensemble,2343.0,2303.8027392610893,39.1972607389107,39.1972607389107,Thursday,November,medium,low,False,normal,normal,observed,normal
2025-11-07,2025-11-14,validation_weighted_ensemble,2350.0,2334.1500705559683,15.849929444031659,15.849929444031659,Friday,November,medium,low,False,normal,normal,imputed,normal
2025-11-08,2025-11-15,validation_weighted_ensemble,2355.0,2351.350070555968,3.649929444031841,3.649929444031841,Saturday,November,medium,low,False,normal,normal,imputed,normal
2025-11-09,2025-11-16,validation_weighted_ensemble,2362.0,2371.0351247301596,-9.035124730159623,9.035124730159623,Sunday,November,medium,low,True,normal,normal,observed,high_pressure
2025-11-10,2025-11-17,validation_weighted_ensemble,2378.0,2376.4351247301593,1.5648752698407407,1.5648752698407407,Monday,November,medium,low,False,normal,normal,imputed,normal
2025-11-11,2025-11-18,validation_weighted_ensemble,2383.0,2376.0000561250436,6.999943874956443,6.999943874956443,Tuesday,November,medium,low,False,normal,normal,observed,normal
2025-11-12,2025-11-19,validation_weighted_ensemble,2372.0,2398.83512473016,-26.835124730159805,26.835124730159805,Wednesday,November,medium,moderate,True,normal,normal,observed,high_pressure
2025-11-13,2025-11-20,validation_weighted_ensemble,2397.0,2394.849216145488,2.150783854512156,2.150783854512156,Thursday,November,medium,moderate,True,normal,normal,observed,high_pressure
2025-11-14,2025-11-21,validation_weighted_ensemble,2405.0,2400.049216145488,4.950783854511883,4.950783854511883,Friday,November,medium,low,False,normal,normal,imputed,normal
2025-11-15,2025-11-22,validation_weighted_ensemble,2413.0,2402.585072439587,10.414927560413162,10.414927560413162,Saturday,November,medium,low,False,normal,normal,imputed,normal
2025-11-16,2025-11-23,validation_weighted_ensemble,2421.0,2411.4504176354467,9.549582364553316,9.549582364553316,Sunday,November,medium,low,False,normal,normal,observed,normal
2025-11-17,2025-11-24,validation_weighted_ensemble,2411.0,2435.4791388942194,-24.47913889421943,24.47913889421943,Monday,November,high,low,False,normal,normal,observed,normal
2025-11-18,2025-11-25,validation_weighted_ensemble,2422.0,2442.6177854567964,-20.617785456796355,20.617785456796355,Tuesday,November,high,low,False,normal,normal,observed,normal
2025-11-19,2025-11-26,validation_weighted_ensemble,2418.0,2416.2867543227353,1.7132456772646947,1.7132456772646947,Wednesday,November,high,low,False,normal,normal,observed,normal
2025-11-20,2025-11-27,validation_weighted_ensemble,2413.0,2460.4867543227356,-47.48675432273558,47.48675432273558,Thursday,November,high,low,False,normal,normal,observed,normal
2025-11-21,2025-11-28,validation_weighted_ensemble,2420.0,2469.0867543227355,-49.08675432273549,49.08675432273549,Friday,November,high,low,False,normal,normal,imputed,normal
2025-11-22,2025-11-29,validation_weighted_ensemble,2426.0,2478.886754322735,-52.886754322735214,52.886754322735214,Saturday,November,high,low,False,normal,normal,imputed,normal
2025-11-23,2025-11-30,validation_weighted_ensemble,2433.0,2487.4867543227356,-54.48675432273558,54.48675432273558,Sunday,November,high,moderate,True,normal,normal,observed,high_pressure
2025-11-24,2025-12-01,validation_weighted_ensemble,2436.0,2461.13591434318,-25.135914343180048,25.135914343180048,Monday,November,high,low,False,normal,normal,observed,normal
2025-11-25,2025-12-02,validation_weighted_ensemble,2441.0,2476.4867543227356,-35.48675432273558,35.48675432273558,Tuesday,November,high,low,True,normal,normal,observed,high_pressure
2025-11-26,2025-12-03,validation_weighted_ensemble,2451.0,2475.9359143431802,-24.93591434318023,24.93591434318023,Wednesday,November,high,low,False,normal,normal,imputed,normal
2025-11-27,2025-12-04,validation_weighted_ensemble,2457.0,2452.034305189558,4.9656948104420735,4.9656948104420735,Thursday,November,high,low,True,normal,normal,observed,high_pressure
2025-11-28,2025-12-05,validation_weighted_ensemble,2456.0,2457.4956586269814,-1.495658626981367,1.495658626981367,Friday,November,high,low,False,normal,normal,imputed,normal
2025-11-29,2025-12-06,validation_weighted_ensemble,2454.0,2462.295658626981,-8.295658626981094,8.295658626981094,Saturday,November,high,low,False,normal,normal,imputed,normal
2025-11-30,2025-12-07,validation_weighted_ensemble,2453.0,2468.695658626981,-15.695658626981185,15.695658626981185,Sunday,November,high,low,True,normal,normal,observed,high_pressure
2025-12-01,2025-12-08,validation_weighted_ensemble,2467.0,2485.256640034721,-18.25664003472093,18.25664003472093,Monday,December,high,low,False,normal,normal,observed,normal
2025-12-02,2025-12-09,validation_weighted_ensemble,2473.0,2488.346126576853,-15.34612657685284,15.34612657685284,Tuesday,December,high,low,False,normal,normal,observed,normal
2025-12-03,2025-12-10,validation_weighted_ensemble,2493.0,2506.7461265768525,-13.746126576852475,13.746126576852475,Wednesday,December,high,low,True,normal,normal,observed,high_pressure
2025-12-04,2025-12-11,validation_weighted_ensemble,2484.0,2521.2489632290385,-37.24896322903851,37.24896322903851,Thursday,December,high,low,False,normal,normal,observed,normal
2025-12-05,2025-12-12,validation_weighted_ensemble,2488.0,2513.5461265768527,-25.546126576852657,25.546126576852657,Friday,December,high,low,False,normal,normal,imputed,normal
2025-12-06,2025-12-13,validation_weighted_ensemble,2493.0,2506.746126576853,-13.74612657685293,13.74612657685293,Saturday,December,high,low,False,normal,normal,imputed,normal
2025-12-07,2025-12-14,validation_weighted_ensemble,2497.0,2500.9461265768527,-3.9461265768527483,3.9461265768527483,Sunday,December,high,low,True,normal,normal,observed,high_pressure
2025-12-08,2025-12-15,validation_weighted_ensemble,2512.0,2520.607480014276,-8.607480014276007,8.607480014276007,Monday,December,high,low,True,normal,normal,observed,high_pressure
2025-12-09,2025-12-16,validation_weighted_ensemble,2522.0,2527.395286597298,-5.395286597297854,5.395286597297854,Tuesday,December,high,low,False,normal,normal,observed,normal
2025-12-10,2025-12-17,validation_weighted_ensemble,2512.0,2554.47185416967,-42.47185416967022,42.47185416967022,Wednesday,December,high,low,False,normal,normal,observed,normal
2025-12-11,2025-12-18,validation_weighted_ensemble,2522.0,2536.47185416967,-14.471854169670223,14.471854169670223,Thursday,December,high,low,False,normal,normal,observed,normal
2025-12-12,2025-12-19,validation_weighted_ensemble,2515.0,2543.47185416967,-28.471854169670223,28.471854169670223,Friday,December,high,low,False,normal,normal,imputed,normal
2025-12-13,2025-12-20,validation_weighted_ensemble,2509.0,2552.67185416967,-43.67185416967004,43.67185416967004,Saturday,December,high,low,False,normal,normal,imputed,normal
2025-12-14,2025-12-21,validation_weighted_ensemble,2502.0,2559.67185416967,-57.67185416967004,57.67185416967004,Sunday,December,high,low,False,normal,normal,observed,normal
